cartodb_id,the_geom,objectid,route_lbl,name_prop,routes_all,routes_off,routes_wkd,name_cur,stop_name,stop_id,stop_lon,stop_lat,column_1449354352532
134,0101000020E6100000438902D4D47A52C00F7A9C525E674440,135,6,Brook Avenue,6,6,6,BROOK AVENUE,BROOK AVENUE,618,-73.91924,40.807566,
181,0101000020E61000004379E99AC97B52C0A732D26EF46D4440,182,A,190th Street,A,A,A,190TH STREET,190TH STREET - IND,A05,-73.93418,40.859022,
475,0101000020E61000004B81B1D9918452C08ED88861874F4440,476,SI,Clifton,SI,SI,SI,CLIFTON,CLIFTON,S28,-74.071402,40.621319,
87,0101000020E6100000573E001AA57A52C06F8AED7DAA544440,88,3,Saratoga Ave,"2, 3, 4, 5","2, 3, 4, 5",3,SARATOGA AVE,SARATOGA AVE.,252,-73.916327,40.661453,
187,0101000020E6100000570EF2086E7C52C05727467D92694440,188,"A, C",145th Street,"A, C","A, C","A, C",145TH STREET,145TH STREET - IND,A12,-73.944216,40.824783,
232,0101000020E61000007BE03A36027D52C0B7E8D2A92B614440,233,F,Roosevelt Island,F,F,F,ROOSEVELT ISLAND,ROOSEVELT ISLAND,B06,-73.95326,40.759145,
1,0101000020E61000006A411F4B1F8052C01726CBBDC0604440,1,7,34 St-Hudson Yards,7,7,7,34th St-Hudson Yards,34th St-Hudson Yards,726,-74.00191,40.755882,
2,0101000020E6100000F3704562827952C0B7CAE2E0D2714440,2,1,242nd Street - Van Cortland Park,1,1,1,242ND STREET - VAN CORTLAND PARK,242ND STREET-BWAY (Van Cortland Park),101,-73.898583,40.889248,
3,0101000020E6100000E29E32FCA77952C017293C4F3C714440,3,1,238th Street,1,1,1,238TH STREET,238TH STREET-BWAY,103,-73.900878,40.884653,
4,0101000020E6100000E222DDCCE87952C0CFF4785A7E704440,4,1,231st Street,1,1,1,231ST STREET,231ST STREET-BWAY,104,-73.904834,40.878856,
5,0101000020E6100000FE41CDAB3A7A52C06F3A669DF16F4440,5,1,225th Street - Marble Hill,1,1,1,225TH STREET - MARBLE HILL,225TH STREET-BWAY (Marble Hill),106,-73.909831,40.874561,
6,0101000020E61000005B105FEE937A52C02F95E5F0496F4440,6,1,215th Street - 10 Av,1,1,1,215TH STREET - 10 AV,215TH STREET-10 AV,107,-73.915279,40.869444,
7,0101000020E6100000D608CAFACD7A52C02F58A3E6AB6E4440,7,1,207th Street - 10 Av,1,1,1,207TH STREET - 10 AV,207TH STREET-10 AV,108,-73.918822,40.864621,
8,0101000020E61000000BE958FB3B7B52C0C7C03BE1256E4440,8,1,Dyckman St - 200 Street,1,1,1,DYCKMAN ST - 200 STREET,DYCKMAN ST. - 200 STREET,109,-73.925536,40.860531,
9,0101000020E610000036FB777C7B7B52C0CF5C4703786D4440,9,1,191 Street - St Nicholas,1,1,1,191 STREET - ST NICHOLAS,191 STREET - ST. NICHOLAS,110,-73.929412,40.855225,
10,0101000020E6100000E34C7009C07B52C0A64C7094BC6C4440,10,1,181 Street - St Nicholas,1,1,1,181 STREET - ST NICHOLAS,181 STREET - ST. NICHOLAS,111,-73.933596,40.849505,
11,0101000020E610000086D599232B7C52C0175BC956976B4440,11,1,168th Street- Washington Hgts,1,1,1,168TH STREET- WASHINGTON HGTS,168TH STREET - BWAY- WASHINGTON HGTS,112,-73.940133,40.840556,
12,0101000020E6100000269FE713797C52C0AE3E01DBC16A4440,12,1,157th Street,1,1,1,157TH STREET,157TH STREET - BWAY,113,-73.94489,40.834041,
476,0101000020E61000003FFC70AE618552C01FCB16F0324D4440,477,SI,Grasmere,SI,SI,SI,GRASMERE,GRASMERE,S27,-74.084087,40.603117,
13,0101000020E610000023DFBFB2D27C52C0C795546CCC694440,13,1,145th Street,1,1,1,145TH STREET,145TH STREET - BWAY,114,-73.95036,40.826551,
15,0101000020E6100000663583F7557D52C01EE64DF564684440,15,1,125th Street,1,1,1,125TH STREET,125TH STREET - BWAY,116,-73.958372,40.815581,
16,0101000020E6100000C7046EFAB37D52C0AFEC3B6F63674440,16,1,116th Street - Columbia Univ,1,1,1,116TH STREET - COLUMBIA UNIV,116TH STREET - BWAY - Columbia Univ,117,-73.96411,40.807722,
17,0101000020E6100000EFB93DD2E07D52C096C40164E8664440,17,1,110th Street - Cathedral Pkwy,1,1,1,110TH STREET - CATHEDRAL PKWY,110TH STREET - BWAY - Cathedral Pkwy,118,-73.966847,40.803967,
18,0101000020E6100000FFC5E9EBF97D52C097871C3F54664440,18,1,103rd Street,1,1,1,103RD STREET,103RD STREET - BWAY,119,-73.968379,40.799446,
19,0101000020E610000033C23F8A3A7E52C0669C45239F654440,19,"1, 2, 3",96th Street,"1, 2, 3","1, 2, 3","1, 2, 3",96TH STREET,96TH STREET - BWAY,120,-73.972323,40.793919,
20,0101000020E61000003FE60F5B7A7E52C0275A5E49F2644440,20,1,86th Street,"1, 2","1, 2",1,86TH STREET,86TH STREET - BWAY,121,-73.976218,40.788644,
21,0101000020E61000000E98CAF5B67E52C07E5E05F357644440,21,1,79th Street,"1, 2","1, 2",1,79TH STREET,79TH STREET - BWAY,122,-73.979917,40.783934,
22,0101000020E610000092D2B298D87E52C01E640F59A4634440,22,"1, 2, 3",72nd Street,"1, 2, 3","1, 2, 3","1, 2, 3",72ND STREET,72ND STREET - BWAY,123,-73.98197,40.778453,
23,0101000020E6100000775D2383DC7E52C0A6C1F71400634440,23,1,66th Street - Lincoln Center,"1, 2","1, 2",1,66TH STREET - LINCOLN CENTER,66TH STREET - BWAY (Lincoln Center),124,-73.982209,40.77344,
24,0101000020E6100000134FBBECD77E52C05F8DEEEA55624440,24,1,59 St Columbus Circle,"1, 2","1, 2",1,59 ST COLUMBUS CIRCLE,59 ST. COLUMBUS CIRCLE,125,-73.981929,40.768247,
25,0101000020E61000007A0CCC61F77E52C04F1C984D80614440,25,1,50th Street,"1, 2","1, 2",1,50TH STREET,50TH STREET-BWAY,126,-73.983849,40.761728,
26,0101000020E610000003B33A1E337F52C00724BC57AD604440,26,"1, 2, 3",42nd St - Times Sq,"1, 2, 3","1, 2, 3","1, 2, 3",42ND ST - TIMES SQ,42ND ST. - TIMES SQ.,127,-73.987495,40.75529,
27,0101000020E61000005FBD567A6D7F52C077C9F2380C604440,27,"1, 2, 3",34th St - Penn Sta,"1, 2, 3","1, 2, 3","1, 2, 3",34TH ST - PENN STA,34TH ST. - PENN STA.,128,-73.991057,40.750373,
28,0101000020E6100000E734CB4A937F52C03F8DB9BDA45F4440,28,1,28th Street,"1, 2","1, 2",1,28TH STREET,28TH STREET - 7 AV,129,-73.993365,40.747215,
29,0101000020E61000001B0323D8B87F52C0975ED40B3E5F4440,29,1,23rd Street,"1, 2","1, 2",1,23RD STREET,23RD STREET - 7 AV,130,-73.995657,40.744081,
30,0101000020E6100000DBEB531EDD7F52C057B81266DA5E4440,30,1,18th Street,"1, 2","1, 2",1,18TH STREET,18TH STREET - 7 AV,131,-73.997871,40.74104,
31,0101000020E6100000CBDD0D4B038052C007A61615715E4440,31,"1, 2, 3",14th Street,"1, 2, 3","1, 2, 3","1, 2, 3",14TH STREET,14TH STREET - 7 AV,132,-74.000201,40.737826,
32,0101000020E6100000B32EA69C2F8052C006FFA8C5E05D4440,32,1,Christopher - Sheridan S,"1, 2","1, 2",1,CHRISTOPHER - SHERIDAN S,CHRISTOPHER - SHERIDAN S,133,-74.002906,40.733422,
33,0101000020E61000009708D4EE578052C097BF2A54375D4440,33,1,Houston Street,"1, 2","1, 2",1,HOUSTON STREET,HOUSTON STREET - IRT,134,-74.005367,40.728251,
34,0101000020E6100000C3BBA5D7668052C01F0FD87A865C4440,34,1,Canal Street,"1, 2","1, 2",1,CANAL STREET,CANAL STREET - IRT,135,-74.006277,40.722854,
35,0101000020E610000046C2F9D1708052C04F32BB9C125C4440,35,1,Franklin Street,"1, 2","1, 2",1,FRANKLIN STREET,FRANKLIN STREET - IRT,136,-74.006886,40.719318,
36,0101000020E6100000FB566BD0978052C01F2B7AC8945B4440,36,"1, 2, 3",Chambers Street,"1, 2, 3","1, 2, 3","1, 2, 3",CHAMBERS STREET,CHAMBERS STREET - IRT,137,-74.009266,40.715478,
14,0101000020E6100000BBCB0F07097D52C08F75E28E37694440,14,1,137th Street - City College,1,1,1,137TH STREET - CITY COLLEGE,137TH STREET - BWAY (City College),115,-73.953676,40.822008,
224,0101000020E61000005B60ACFA5C7752C09E13B660A9564440,225,A,Grant Avenue,A,A,A,GRANT AVENUE,GRANT AVENUE,A57,-73.86505,40.677044,
37,0101000020E61000007690FAB2B48052C0C74B0AD3F75A4440,37,R,Cortlandt Street,"N, R","N, R",R,CORTLANDT STREET,CORLANDT STREET - IRT,138,-74.011029,40.710688,
38,0101000020E610000057C217D2E18052C0261636C98F5A4440,38,1,Rector Street,1,1,1,RECTOR STREET,RECTOR STREET,139,-74.013783,40.707513,
39,0101000020E6100000B2134548DD8052C09EE0D420CC594440,40,1,South Ferry Terminal,1,1,1,SOUTH FERRY TERMINAL,SOUTH FERRY TERMINAL,142,-74.013506,40.701542,
40,0101000020E610000062EADD8E707652C0A67F9A9999734440,41,2,East 241st Street - Wakefield,2,2,2,EAST 241ST STREET - WAKEFIELD,EAST 241ST STREET - WAKEFIELD,201,-73.85062,40.903125,
41,0101000020E610000007C9AC18AE7652C0CF664415FE724440,42,"2, 5",East 238th Street - Nereid,"2, 5","2, 5","2, 5",EAST 238TH STREET - NEREID,EAST 238TH STREET - NEREID,204,-73.854376,40.898379,
42,0101000020E6100000DEDCA7C5E07652C037130D6954724440,43,"2, 5",East 233rd Street,"2, 5","2, 5","2, 5",EAST 233RD STREET,EAST 233RD STREET,205,-73.857469,40.893201,
43,0101000020E61000004BA4B2D30F7752C0DF1874B4AA714440,44,"2, 5",East 225th Street,"2, 5","2, 5","2, 5",EAST 225TH STREET,EAST 225TH STREET,206,-73.860341,40.888022,
44,0101000020E61000007F720A61357752C027CFAB7823714440,45,"2, 5",219th Street - White Plains Rd,"2, 5","2, 5","2, 5",219TH STREET - WHITE PLAINS RD,219TH STREET-WHITE PLAINS RD,207,-73.862633,40.883895,
45,0101000020E610000007D401BD707752C0FF3489635D704440,46,"2, 5",Gun Hill Road,"2, 5","2, 5","2, 5",GUN HILL ROAD,GUN HILL ROAD,208,-73.866256,40.87785,
46,0101000020E6100000CFFA6E9D7F7752C0A666EA97886F4440,47,"2, 5",Burke Avenue,"2, 5","2, 5","2, 5",BURKE AVENUE,BURKE AVENUE,209,-73.867164,40.871356,
47,0101000020E61000006318F6B1827752C047557575C76E4440,48,"2, 5",Allerton Ave,"2, 5","2, 5","2, 5",ALLERTON AVE,ALLERTON AVE.,210,-73.867352,40.865462,
48,0101000020E61000000EAA1001877752C02E6FAB77B86D4440,49,"2, 5",Pelham Pkwy - Bronx Zoo,"2, 5",2,"2, 5",PELHAM PKWY - BRONX ZOO,PELHAM PKWY - BRONX ZOO,211,-73.867615,40.857192,
49,0101000020E61000002F73ABCC947752C0876B5A65A66C4440,50,"2, 5",Bronx Park East,"2, 5",2,"2, 5",BRONX PARK EAST,BRONX PARK EAST,212,-73.868457,40.848828,
50,0101000020E6100000B68B363AE77752C017B9BD2EC36B4440,51,"2, 5",E 180th Street,"2, 5","2, 5","2, 5",E 180TH STREET,E 180TH STREET,213,-73.873488,40.841894,
51,0101000020E61000001F1B0AB9527852C00E625BC98E6B4440,52,"2, 5",East Tremont Ave - West Farms Sq,"2, 5","2, 5","2, 5",EAST TREMONT AVE - WEST FARMS SQ,EAST TREMONT AVE. - WEST FARMS SQ - 177 ST,214,-73.880049,40.840295,
52,0101000020E61000003B1744A2D07852C00F9DD1402C6B4440,53,"2, 5",174th Street,"2, 5","2, 5","2, 5",174TH STREET,174TH STREET,215,-73.887734,40.837288,
53,0101000020E61000006B66EF50147952C06E43EC353D6A4440,54,"2, 5",Freeman Street,"2, 5","2, 5","2, 5",FREEMAN STREET,FREEMAN STREET,216,-73.891865,40.829993,
54,0101000020E61000000350E8F5277952C026FA5B397B694440,55,"2, 5",Simpson Street,"2, 5","2, 5","2, 5",SIMPSON STREET,SIMPSON STREET,217,-73.893064,40.824073,
55,0101000020E61000007F92641F647952C097E11C3A3D694440,56,"2, 5",Intervale Avenue,"2, 5","2, 5","2, 5",INTERVALE AVENUE,INTERVALE AVENUE,218,-73.896736,40.822181,
56,0101000020E6100000C30A8599B67952C0D61A4929E8684440,57,"2, 5",Prospect Avenue,"2, 5","2, 5","2, 5",PROSPECT AVENUE,PROSPECT AVENUE,219,-73.90177,40.819585,
57,0101000020E61000002F038882197A52C0D7C88BBE82684440,58,"2, 5",Jackson Ave,"2, 5","2, 5","2, 5",JACKSON AVE,JACKSON AVE.,220,-73.907807,40.81649,
58,0101000020E6100000265EDB87BC7A52C0BF687D4276684440,59,"2, 5",149th St - 3rd Ave,"2, 5","2, 5","2, 5",149TH ST - 3RD AVE,149TH ST. - 3RD AVE,221,-73.917757,40.816109,
59,0101000020E6100000B75E03594F7B52C0A643ADA8C1684440,60,"2, 5",149th St - Grand Concourse - Lower Level,"2, 5","2, 5","2, 5",149TH ST - GRAND CONCOURSE - LOWER LEVEL,149TH ST. - GRAND CONCOURSE - LOWER LEVEL,222,-73.926718,40.81841,
60,0101000020E61000005E046093357C52C0C65FE7A738684440,61,"2, 3",135 Street,"2, 3","2, 3","2, 3",135 STREET,135 STREET - LENOX,224,-73.94077,40.814229,
61,0101000020E6100000A2FCD11A837C52C0AE762A3064674440,62,"2, 3",125 Street,"2, 3","2, 3","2, 3",125 STREET,125 STREET - LENOX,225,-73.945502,40.807745,
62,0101000020E61000005FEEEFA7C67C52C06F24B325AB664440,63,"2, 3",116 Street,"2, 3","2, 3","2, 3",116 STREET,116 STREET - LENOX,226,-73.949625,40.802098,
63,0101000020E61000003363D2A6EA7C52C0BF0CF01648664440,64,"2, 3",110 Street - Central Park North,"2, 3","2, 3","2, 3",110 STREET - CENTRAL PARK NORTH,110 STREET - LENOX (CENTRAL PARK NORTH),227,-73.951822,40.799075,
64,0101000020E61000009B74035C908052C0BF7B5241455B4440,65,"2, 3",Park Place,"2, 3","2, 3","2, 3",PARK PLACE,PARK PLACE,228,-74.008811,40.713051,
65,0101000020E61000001AE7C5A86B8052C08797BC24CE5A4440,66,"2, 3",Fulton Street,"2, 3","2, 3","2, 3",FULTON STREET,FULTON STREET,229,-74.006571,40.709416,
66,0101000020E610000006AB2A18958052C0EE654C1C795A4440,67,"2, 3",Wall - William St,"2, 3","2, 3","2, 3",WALL - WILLIAM ST,WALL - WILLIAM ST,230,-74.0091,40.706821,
67,0101000020E61000001BF194B88E7F52C02783DD9046594440,68,"2, 3",Clark Street,"2, 3","2, 3","2, 3",CLARK STREET,CLARK STREET,231,-73.993086,40.697466,
68,0101000020E6100000FADA91205C7F52C0EEE37266BB584440,69,"2, 3",Borough Hall,"2, 3","2, 3","2, 3",BOROUGH HALL,BOROUGH HALL,232,-73.989998,40.693219,
69,0101000020E6100000937B114E0B7F52C0DF634FC763584440,70,"2, 3",Hoyt Street - Fulton Mall,"2, 3","2, 3","2, 3",HOYT STREET - FULTON MALL,HOYT STREET - FULTON MALL,233,-73.985065,40.690545,
70,0101000020E6100000639C8461C07E52C04FB3E67118584440,71,"2, 3, 4, 5",Nevins Street,"2, 3, 4, 5","2, 3, 4, 5","2, 3, 4, 5",NEVINS STREET,NEVINS STREET,234,-73.980492,40.688246,
71,0101000020E61000005A4D6A14927E52C02726611399574440,72,"2, 3, 4, 5",Atlantic Avenue - Pacific St,"2, 3, 4, 5","2, 3, 4, 5","2, 3, 4, 5",ATLANTIC AVENUE - PACIFIC ST,ATLANTIC AVENUE - PACIFIC ST,235,-73.977666,40.684359,
72,0101000020E6100000E7A37001687E52C0E7D9976725574440,73,"2, 3",Bergen Street,"2, 3, 4","2, 3, 4","2, 3",BERGEN STREET,BERGEN STREET,236,-73.975098,40.680829,
73,0101000020E6100000F3FB1E9E257E52C0379EB8196E564440,74,"2, 3",Grand Army Plaza,"2, 3, 4","2, 3, 4","2, 3",GRAND ARMY PLAZA,GRAND ARMY PLAZA,237,-73.971046,40.675235,
74,0101000020E61000006B34EB51B87D52C0179986AB03564440,75,"2, 3",Eastern Parkway - Brooklyn Museum,"2, 3, 4","2, 3, 4","2, 3",EASTERN PARKWAY - BROOKLYN MUSEUM,EASTERN PARKWAY - BROOKLYN MUSEUM,238,-73.964375,40.671987,
75,0101000020E61000008F0CB004527D52C0BF9864E8D8554440,76,"2, 3, 4, 5",Franklin  Ave,"2, 3, 4, 5","2, 3, 4, 5","2, 3, 4, 5",FRANKLIN  AVE,FRANKLIN  AVE.,239,-73.958131,40.670682,
76,0101000020E6100000FB0E82FDD77C52C05FD9AC307D554440,77,"2, 5",President Street,"2, 5","2, 5","2, 5",PRESIDENT STREET,PRESIDENT STREET,241,-73.950683,40.667883,
77,0101000020E6100000B77CF5B9DA7C52C07E26D8BAD4544440,78,"2, 5",Sterling Street,"2, 5","2, 5","2, 5",STERLING STREET,STERLING STREET,242,-73.95085,40.662742,
78,0101000020E61000007BFBA813D07C52C0AF30382C0D544440,79,"2, 5",Winthrop Street,"2, 5","2, 5","2, 5",WINTHROP STREET,WINTHROP STREET,243,-73.9502,40.656652,
79,0101000020E61000009E4B38D6C57C52C0C7ECCBD24E534440,80,"2, 5",Church  Ave,"2, 5","2, 5","2, 5",CHURCH  AVE,CHURCH  AVE.,244,-73.949575,40.650843,
80,0101000020E610000003BB87BEBB7C52C047283F9292524440,81,"2, 5",Beverly Road,"2, 5","2, 5","2, 5",BEVERLY ROAD,BEVERLY ROAD,245,-73.948959,40.645098,
81,0101000020E61000003A1D0DC4B27C52C0AF5A4C70EA514440,82,"2, 5",Newkirk Ave,"2, 5","2, 5","2, 5",NEWKIRK AVE,NEWKIRK AVE.,246,-73.948411,40.639967,
82,0101000020E6100000DB3BA12AA67C52C09E2E21C500514440,83,"2, 5",Flatbush Avenue - Brooklyn College,"2, 5","2, 5","2, 5",FLATBUSH AVENUE - BROOKLYN COLLEGE,FLATBUSH AVENUE - BROOKLYN COLLEGE,247,-73.947642,40.632836,
83,0101000020E6100000EBEC586FD47C52C0A61AE88BBD554440,84,3,Nostrand Ave,"2, 3, 4, 5","2, 3, 4, 5",3,NOSTRAND AVE,NOSTRAND AVE.,248,-73.950466,40.669847,
84,0101000020E6100000AB3EA65D4C7C52C03E8DCDDDAE554440,85,3,Kingston Ave,"2, 3, 4, 5","2, 3, 4, 5",3,KINGSTON AVE,KINGSTON AVE.,249,-73.942161,40.669399,
85,0101000020E610000056A15C52B57B52C07E42B96A9E554440,86,"3, 4",Utica Avenue - Crown Heights,"2, 3, 4, 5","2, 3, 4, 5","3, 4",UTICA AVENUE - CROWN HEIGHTS,UTICA AVENUE - CROWN HEIGHTS,250,-73.932942,40.668897,
86,0101000020E6100000BB4BD00A0C7B52C036E2587215554440,87,3,Sutter Ave - Rutland Rd,"2, 3, 4, 5","2, 3, 4, 5",3,SUTTER AVE - RUTLAND RD,SUTTER AVE. - RUTLAND RD,251,-73.92261,40.664717,
88,0101000020E61000006B57D82B2C7A52C08701D867CE544440,89,3,Rockaway Ave,"2, 3, 4, 5","2, 3, 4, 5",3,ROCKAWAY AVE,ROCKAWAY AVE.,253,-73.908946,40.662549,
89,0101000020E610000053FB0FB1C17952C0874F3C0FEE544440,90,3,Junius Street,"2, 3, 4, 5","2, 3, 4, 5",3,JUNIUS STREET,JUNIUS STREET,254,-73.902447,40.663515,
90,0101000020E6100000567CADF5457952C036D47AC212554440,91,3,Pennsylvania Ave,"2, 3, 4, 5","2, 3, 4, 5",3,PENNSYLVANIA AVE,PENNSYLVANIA AVE.,255,-73.894895,40.664635,
91,0101000020E6100000476D01D9EB7852C03F04CE6E2D554440,92,3,Van Siclen Ave,"2, 3, 4, 5","2, 3, 4, 5",3,VAN SICLEN AVE,VAN SICLEN AVE.,256,-73.889395,40.665449,
92,0101000020E6100000A74816C0947852C06FC0403047554440,93,3,New Lots Station,"2, 3, 4, 5","2, 3, 4, 5",3,NEW LOTS STATION,NEW LOTS STATION,257,-73.884079,40.666235,
93,0101000020E61000004BB2DD1FEF7B52C02FD55BE674694440,94,3,148th St Ave - Harlem,3,3,3,148TH ST AVE - HARLEM,148TH ST - LENOX AVE - HARLEM,301,-73.93647,40.82388,
94,0101000020E61000008E3B2670EB7B52C01F2E298E03694440,95,3,145th Street,3,3,3,145TH STREET,145TH STREET-LENOX,302,-73.936245,40.820421,
95,0101000020E61000000AA5D5743D7852C0EF7711A969714440,96,4,Woodlawn - Jerome Avenue,4,4,4,WOODLAWN - JEROME AVENUE,WOODLAWN-JEROME AVENUE,401,-73.878751,40.886037,
96,0101000020E61000005B2001309E7852C07708E3A59B704440,97,4,Mosholu Parkway,4,4,4,MOSHOLU PARKWAY,MOSHOLU PARKWAY,402,-73.884655,40.87975,
97,0101000020E61000006300FFCEF67852C0BFACE3F6CB6F4440,98,4,Bedford Park Blvd - Lehman College,4,4,4,BEDFORD PARK BLVD - LEHMAN COLLEGE,BEDFORD PARK BLVD - LEHMAN COLLEGE,405,-73.890064,40.873412,
98,0101000020E61000002BF87E4C6B7952C0A6707AC2126F4440,99,4,Kingsbridge Road,4,4,4,KINGSBRIDGE ROAD,KINGSBRIDGE ROAD,406,-73.897174,40.86776,
99,0101000020E61000003658828AAA7952C047A42554706E4440,100,4,Fordham Road,4,4,4,FORDHAM ROAD,FORDHAM ROAD,407,-73.901034,40.862803,
100,0101000020E61000001BB94D27D97952C09EA6D447E06D4440,101,4,183rd Street,4,4,4,183RD STREET,183RD STREET,408,-73.903879,40.858407,
101,0101000020E6100000B278A17E177A52C0B799AAF23D6D4440,102,4,Burnside Avenue,4,4,4,BURNSIDE AVENUE,BURNSIDE AVENUE,409,-73.907684,40.853453,
102,0101000020E61000000F1839D55A7A52C017691EFE9A6C4440,103,4,176th Street,4,4,4,176TH STREET,176TH STREET,410,-73.911794,40.84848,
103,0101000020E610000027FAF3328A7A52C0C7A9CE69166C4440,104,4,Mt Eden Ave,4,4,4,MT EDEN AVE,MT. EDEN AVE.,411,-73.914685,40.844434,
104,0101000020E610000092577616BD7A52C06F5EDE93876B4440,105,4,170th Street,4,4,4,170TH STREET,170TH STREET,412,-73.917791,40.840075,
105,0101000020E6100000EFA4B437F87A52C0A6395CE0F26A4440,106,4,167th Street,4,4,4,167TH STREET,167TH STREET,413,-73.9214,40.835537,
106,0101000020E6100000F7DEAAD0407B52C0277A17B5FB694440,107,4,161st St - Yankee Stadium,4,4,4,161ST ST - YANKEE STADIUM,161ST ST. (YANKEE STADIUM),414,-73.925831,40.827994,
107,0101000020E61000003F6302B8597B52C03FCD1183C0684440,108,4,149th St - Grand Concourse - Upper Level,4,4,4,149TH ST - GRAND CONCOURSE - UPPER LEVEL,149TH ST. - GRAND CONCOURSE - UPPER LEVEL,415,-73.927351,40.818375,
108,0101000020E61000007F8D61A5827B52C0BF4659B917684440,109,"4, 5",138th St - Grand Concourse,"4, 5","4, 5","4, 5",138TH ST - GRAND CONCOURSE,138TH ST. - GRAND CONCOURSE,416,-73.929849,40.813224,
109,0101000020E6100000330CA3CB9B8052C097ABB056ED5A4440,110,"4, 5",Fulton Street,"4, 5","4, 5","4, 5",FULTON STREET,FULTON STREET,418,-74.009509,40.710368,
110,0101000020E61000005B3AD558C28052C09EDC4F3A915A4440,111,"4, 5",Wall Street,"4, 5","4, 5","4, 5",WALL STREET,WALL STREET,419,-74.011862,40.707557,
111,0101000020E6100000AF6EE270E68052C0CEB28571375A4440,112,"4, 5",Bowling Green,"4, 5","4, 5","4, 5",BOWLING GREEN,BOWLING GREEN,420,-74.014065,40.704817,
112,0101000020E6100000BE2B4DA25E7F52C0C71EBCB1A0584440,113,"4, 5",Borough Hall,"4, 5","4, 5","4, 5",BOROUGH HALL,BOROUGH HALL,423,-73.990151,40.692404,
113,0101000020E6100000E7965E622C7552C04F0B7DD0B3714440,114,5,Dyre Avenue - Eastchester,5,5,5,DYRE AVENUE - EASTCHESTER,DYRE AVENUE - EASTCHESTER,501,-73.830834,40.8883,
114,0101000020E61000002AB09579AB7552C0D6CF780778704440,115,5,Baychester Avenue,5,5,5,BAYCHESTER AVENUE,BAYCHESTER AVENUE,502,-73.838591,40.878663,
115,0101000020E6100000374FCC272B7652C0BFB4C1A04C6F4440,116,5,Gun Hill Road,5,5,5,GUN HILL ROAD,GUN HILL ROAD,503,-73.846384,40.869526,
116,0101000020E6100000BB6CAC33BE7652C057807138F36D4440,117,5,Pelham Parkway,5,5,5,PELHAM PARKWAY,PELHAM PARKWAY,504,-73.855359,40.858985,
117,0101000020E610000072C89E59127752C0CEA6AFCC5B6D4440,118,5,Morris Park,5,5,5,MORRIS PARK,MORRIS PARK,505,-73.860495,40.854364,
118,0101000020E61000008AE838EFFF7452C096BA8C791D6D4440,119,6,Pelham Bay Park,"6, 6X","6, 6X","6, 6X",PELHAM BAY PARK,PELHAM BAY PARK,601,-73.828121,40.852462,
119,0101000020E6100000469F7CCF487552C0817E2345646C4440,120,6,Buhre Avenue,"6, 6X","6, 6X","6, 6X",BUHRE AVENUE,BUHRE AVENUE,602,-73.832569,40.84681,
120,0101000020E61000002B1EB64C867552C0CDF5E8B3036C4440,121,6,Middletown Road,"6, 6X","6, 6X","6, 6X",MIDDLETOWN ROAD,MIDDLETOWN ROAD,603,-73.836322,40.843863,
121,0101000020E61000003362F2ECF27552C0B61EC094816B4440,122,6,Westchester Sq - East Tremont,"6, 6X","6, 6X","6, 6X",WESTCHESTER SQ - EAST TREMONT,WESTCHESTER SQ - EAST TREMONT,604,-73.842952,40.839892,
122,0101000020E6100000676E7BD6357652C0F4A6EE09126B4440,123,6,Zerega Avenue,"6, 6X","6, 6X","6, 6X",ZEREGA AVENUE,ZEREGA AVENUE,606,-73.847036,40.836488,
123,0101000020E61000003F55D76B7A7652C0B7B12ADEC86A4440,124,6,Castle Hill Avenue,"6, 6X","6, 6X","6, 6X",CASTLE HILL AVENUE,CASTLE HILL AVENUE,607,-73.851222,40.834255,
124,0101000020E6100000565AFE9B177752C081794A26A76A4440,125,6,177th St Parkchester,"6, 6X","6, 6X","6, 6X",177TH ST PARKCHESTER,177TH ST. PARKCHESTER,608,-73.860816,40.833226,
125,0101000020E6100000CF09A60D877752C04FF70CE36E6A4440,126,6,St Lawrence Avenue,6,6,6,ST LAWRENCE AVENUE,ST. LAWRENCE AVENUE,609,-73.867618,40.831509,
126,0101000020E61000003BDDF411F87752C0DF967FBE2D6A4440,127,6,Soundview Avenue - Morrison,6,6,6,SOUNDVIEW AVENUE - MORRISON,SOUNDVIEW AVENUE (MORRISON),610,-73.874516,40.829521,
127,0101000020E61000009E3B1C24447852C0DF515F0A0F6A4440,128,6,Elder Avenue,6,6,6,ELDER AVENUE,ELDER AVENUE,611,-73.879159,40.828584,
128,0101000020E6100000934755DCB87852C0DF5D3992CB694440,129,6,Whitlock Avenue,6,6,6,WHITLOCK AVENUE,WHITLOCK AVENUE,612,-73.886283,40.826525,
129,0101000020E61000000BA93BC1FE7852C0961BF5D214694440,130,6,Hunts Point Ave,"6, 6X","6, 6X","6, 6X",HUNTS POINT AVE,HUNTS POINT AVE,613,-73.890549,40.820948,
130,0101000020E61000000EDDE7305F7952C0EF7E8B1876684440,131,6,Longwood Avenue,6,6,6,LONGWOOD AVENUE,LONGWOOD AVENUE,614,-73.896435,40.816104,
131,0101000020E61000008B67DBBDDC7952C05FEA8C7BF3674440,132,6,East 149th Street,6,6,6,EAST 149TH STREET,EAST 149TH STREET,615,-73.904098,40.812118,
132,0101000020E61000005E09630D177A52C0FF6DAB1A84674440,133,6,E 143rd St - St Mary's St,6,6,6,E 143RD ST - ST MARY'S ST,E 143RD ST - ST. MARY'S ST,616,-73.907657,40.808719,
133,0101000020E6100000020304AA7F7A52C0CF0C724C16674440,134,6,Cypress Avenue,6,6,6,CYPRESS AVENUE,CYPRESS AVENUE,617,-73.914042,40.805368,
135,0101000020E6100000AE5C51D8457B52C0FE6174ADBD674440,136,6,138th St Third Avenue,"6, 6X",6,"6, 6X",138TH ST THIRD AVENUE,138TH ST. THIRD AVENUE,619,-73.926138,40.810476,
136,0101000020E6100000F71E448A017C52C0510675FEED664440,137,"4, 5, 6",125th Street,"4, 5, 6, 6X","4, 5, 6","4, 5, 6, 6X",125TH STREET,125TH STREET - LEXINGTON,621,-73.937594,40.804138,
137,0101000020E610000037CBF273437C52C017989E7939664440,138,6,116th Street,"4, 6, 6X","4, 6","6, 6X",116TH STREET,116TH STREET - LEXINGTON,622,-73.941617,40.798629,
138,0101000020E6100000C3078D976E7C52C05EFD2137C3654440,139,6,110th Street,"4, 6, 6X","4, 6","6, 6X",110TH STREET,110TH STREET - LEXINGTON,623,-73.94425,40.79502,
139,0101000020E61000001325C47AA37C52C01EF27C6132654440,140,6,103rd Street,"4, 6, 6X","4, 6","6, 6X",103RD STREET,103RD STREET - LEXINGTON,624,-73.947478,40.7906,
140,0101000020E6100000BBF5B454DE7C52C0BC2E6CE690644440,141,6,96th Street,"4, 6, 6X","4, 6","6, 6X",96TH STREET,96TH STREET - LEXINGTON,625,-73.95107,40.785672,
141,0101000020E61000000AFFC35E287D52C0FF6FD364C6634440,142,"4, 5, 6",86th Street,"4, 5, 6, 6X","4, 5, 6","4, 5, 6, 6X",86TH STREET,86TH STREET - LEXINGTON,626,-73.955589,40.779492,
142,0101000020E610000063725B936E7D52C0DF41EBFA05634440,143,6,77th Street,"4, 6, 6X","4, 6","6, 6X",77TH STREET,77TH STREET - LEXINGTON,627,-73.959874,40.77362,
143,0101000020E61000004EAFCB0BB07D52C0D671BC7152624440,144,6,68th Street - Hunter College,"4, 6, 6X","4, 6","6, 6X",68TH STREET - HUNTER COLLEGE,68TH STREET - HUNTER COLLEGE,628,-73.96387,40.768141,
144,0101000020E61000001305DC2BF37D52C010E8B3739A614440,145,"4, 5, 6",59th Street,"4, 5, 6, 6X","4, 5, 6","4, 5, 6, 6X",59TH STREET,59TH STREET - LEXINGTON,629,-73.967967,40.762526,
145,0101000020E61000005329F1EF337E52C0C642D6E1E8604440,146,6,51th Street,"4, 6, 6X","4, 6","6, 6X",51TH STREET,51TH STREET - LEXINGTON,630,-73.97192,40.757107,
146,0101000020E6100000078B79AD847E52C0083C2A323A604440,147,"4, 5, 6",Grand Central - 42 St,"4, 5, 6, 6X","4, 5, 6","4, 5, 6, 6X",GRAND CENTRAL - 42 ST,GRAND CENTRAL - LEXINGTON - 42 ST,631,-73.976848,40.751776,
147,0101000020E61000005BE04B55DA7E52C09FCE0A957F5F4440,148,6,33rd Street,"4, 6, 6X","4, 6","6, 6X",33RD STREET,33RD STREET - LEXINGTON,632,-73.982076,40.746081,
148,0101000020E6100000F3356E2EFE7E52C0EFB4F2EA1C5F4440,149,6,28th Street,"4, 6, 6X","4, 6","6, 6X",28TH STREET,28TH STREET - LEXINGTON,633,-73.984264,40.74307,
149,0101000020E610000003142270247F52C08F5D11DDB35E4440,150,6,23rd Street,"4, 6, 6X","4, 6","6, 6X",23RD STREET,23RD STREET - LEXINGTON,634,-73.986599,40.739864,
150,0101000020E61000002F8F705B5B7F52C03765CDC3095E4440,151,"4, 5, 6",14th Street - Union Sq,"4, 5, 6, 6X","4, 5, 6","4, 5, 6, 6X",14TH STREET - UNION SQ,14TH STREET - LEXINGTON - UNION SQ,635,-73.989951,40.734673,
151,0101000020E6100000BF0FDDB06D7F52C0FFB5D268725D4440,152,6,Astor Pl - 8th St,"4, 6, 6X","4, 6","6, 6X",ASTOR PL - 8TH ST,ASTOR PL-8TH ST-LEXINGTON,636,-73.99107,40.730054,
152,0101000020E6100000A780387EA87F52C04E6E5FC8EA5C4440,153,6,Bleecker Street,"4, 6, 6X","4, 6","6, 6X",BLEECKER STREET,BLEECKER STREET-LEXINGTON,637,-73.994659,40.725915,
153,0101000020E6100000CBF87B28D17F52C027D8F25B745C4440,154,6,Spring Street,"4, 6, 6X","4, 6","6, 6X",SPRING STREET,SPRING STREET-LEXINGTON,638,-73.997141,40.722301,
154,0101000020E610000057808029038052C0665498BC015C4440,155,6,Canal Street,"4, 6, 6X","4, 6","6, 6X",CANAL STREET,CANAL STREET,639,-74.000193,40.718803,
155,0101000020E61000000BBDABAE438052C0A7B5C2B6455B4440,156,"4, 5, 6",Brooklyn Bridge - City Hall,"4, 5, 6, 6X","4, 5, 6","4, 5, 6, 6X",BROOKLYN BRIDGE - CITY HALL,BROOKLYN BRIDGE-CITY HALL,640,-74.004131,40.713065,
156,0101000020E610000087F125361F7552C076ADA2923A614440,157,7,Main Street - Flushing,"7, 7X","7, 7X","7, 7X",MAIN STREET - FLUSHING,MAIN STREET - FLUSHING,701,-73.83003,40.7596,
157,0101000020E6100000333F3CF71E7652C0BF2C985297604440,158,7,Willets Point - Shea Stadium,"7, 7X","7, 7X","7, 7X",WILLETS POINT - SHEA STADIUM,WILLETS POINT (SHEA STADIUM),702,-73.84564,40.754618,
158,0101000020E6100000265D03CFBD7652C09F394BB038604440,159,7,111th Street - Station,7,7,7,111TH STREET - STATION,111TH STREET - STATION,705,-73.855335,40.75173,
159,0101000020E6100000F3910F7A367752C0B6FF8893FB5F4440,160,7,103rd Street - Corona Plaza,7,7,7,103RD STREET - CORONA PLAZA,103RD STREET - CORAON PLAZA,706,-73.8627,40.749865,
160,0101000020E6100000CB129354A67752C047EDBCFBE35F4440,161,7,Junction Boulevard,"7, 7X","7, 7X","7, 7X",JUNCTION BOULEVARD,JUNCTION BOULEVARD,707,-73.869527,40.749145,
161,0101000020E6100000FFFA696D1A7852C06FE155D5CB5F4440,162,7,90th Street - Elmhurst,7,7,7,90TH STREET - ELMHURST,90TH STREET - ELMHURST,708,-73.876613,40.748408,
162,0101000020E6100000D356DC7D8E7852C08FD7434AB35F4440,163,7,82 Street - Jackson Heights,7,7,7,82 STREET - JACKSON HEIGHTS,82 STREET - JACKSON HEIGHTS,709,-73.883697,40.747659,
163,0101000020E6100000EBD16B990C7952C00F671BB7985F4440,164,7,74th Street - Broadway,7,7,7,74TH STREET - BROADWAY,74TH STREET - BROADWAY,710,-73.891394,40.746848,
164,0101000020E6100000CF78B0AA5E7952C03FCEDD93875F4440,165,7,69th Street - Fisk Ave,7,7,7,69TH STREET - FISK AVE,69TH STREET - FISK AVE,711,-73.896403,40.746325,
165,0101000020E6100000AFE4667DCA7952C0875EC9CD705F4440,166,7,61st Street - Woodside,"7, 7X","7, 7X","7, 7X",61ST STREET - WOODSIDE,61ST STREET - WOODSIDE,712,-73.902984,40.74563,
166,0101000020E610000047E5EB33677A52C03E444046405F4440,167,7,52nd Street - Lincoln Av,7,7,7,52ND STREET - LINCOLN AV,52ND STREET - LINCOLN Av,713,-73.912549,40.744149,
167,0101000020E61000004B1998A3C77A52C0FF090BF31E5F4440,168,7,46th Street - Bliss Str,7,7,7,46TH STREET - BLISS STR,46TH STREET - BLISS STR,714,-73.918435,40.743132,
168,0101000020E6100000C3640114237B52C0E7883E37345F4440,169,7,40th Street - Lowery St,7,7,7,40TH STREET - LOWERY ST,40TH STREET - LOWERY ST,715,-73.924016,40.743781,
169,0101000020E6100000C2097174957B52C0FEFD76A04E5F4440,170,7,33rd Street - Rawson St,7,7,7,33RD STREET - RAWSON ST,33RD STREET - RAWSON ST,716,-73.930997,40.744587,
170,0101000020E6100000238A02452C7C52C016412C1213604440,171,7,Queensboro Plaza - Elevated,"7, 7X","7, 7X","7, 7X",QUEENSBORO PLAZA - ELEVATED,QUEENSBORO PLAZA (ELEVATED),718,-73.940202,40.750582,
171,0101000020E6100000533C93347F7C52C06FFD1C739E5F4440,172,7,45th Road - Courthouse Sq,"7, 7X","7, 7X","7, 7X",45TH ROAD - COURTHOUSE SQ,45TH ROAD - COURTHOUSE SQ,719,-73.945264,40.747023,
172,0101000020E61000005AA22C0ABB7C52C0171314EF005F4440,173,7,Hunters Point,"7, 7X","7, 7X","7, 7X",HUNTERS POINT,HUNTERS POINT,720,-73.948916,40.742216,
173,0101000020E61000005F729A78077D52C0976A685E0E5F4440,174,7,Vernon - Jackson Avenue,"7, 7X","7, 7X","7, 7X",VERNON - JACKSON AVENUE,VERNON - JACKSON AVENUE,721,-73.953581,40.742626,
174,0101000020E6100000E385AB74777E52C017F918E42E604440,175,7,Grand Central - 42 St,"7, 7X","7, 7X","7, 7X",GRAND CENTRAL - 42 ST,GRAND CENTRAL - 42 ST,723,-73.976041,40.751431,
175,0101000020E61000007F48567BD87E52C01FF6DF347D604440,176,7,5th Avenue,"7, 7X","7, 7X","7, 7X",5TH AVENUE,5TH AVENUE,724,-73.981963,40.753821,
176,0101000020E61000003B255054367F52C066B86878B3604440,177,7,Times Square - 42 St,"7, 7X","7, 7X","7, 7X",TIMES SQUARE - 42 ST,TIMES SQUARE - 42 ST,725,-73.987691,40.755477,
177,0101000020E610000063315708AB7E52C017570DBC5A604440,178,GS,Grand Central Shuttle - 42 St,GS,GS,GS,GRAND CENTRAL SHUTTLE - 42 ST,GRAND CENTRAL SHUTTLE - 42 ST,901,-73.979189,40.752769,
178,0101000020E61000002BA13D601E7F52C0CE570B0DC4604440,179,GS,Times  Sq Shuttle - 42 St,GS,GS,GS,TIMES  SQ SHUTTLE - 42 ST,TIMES  SQ. SHUTTLE - 42 ST,902,-73.986229,40.755983,
179,0101000020E610000087320EA0DF7A52C0EF55B9FB1C6F4440,180,A,207th Street - Inwood,A,A,A,207TH STREET - INWOOD,207TH STREET - INWOOD,A02,-73.919899,40.868072,
180,0101000020E61000006BF17668587B52C0475EB968C86E4440,181,A,Dyckman Street - 200 St,A,A,A,DYCKMAN STREET - 200 ST,DYCKMAN STREET (200 ST),A03,-73.927271,40.865491,
182,0101000020E6100000878F20AF077C52C08F107E57046D4440,183,A,181st Street,A,A,A,181ST STREET,181ST STREET - IND,A06,-73.937969,40.851695,
183,0101000020E6100000E7973E1C247C52C0B617EB4E776C4440,184,A,175th Street,A,A,A,175TH STREET,175TH STREET - IND,A07,-73.939704,40.847391,
184,0101000020E6100000262876C4217C52C0E7E121AE9C6B4440,185,"A, C",168th Street - Washington Heights,"A, C","A, C","A, C",168TH STREET - WASHINGTON HEIGHTS,168TH STREET - IND - WASHINGTON HEIGHTS,A09,-73.939561,40.840719,
185,0101000020E6100000AAACC630277C52C0DE3A5779026B4440,186,C,163rd Street - Amsterdam Av,"A, C","A, C",C,163RD STREET - AMSTERDAM AV,163RD STREET - AMSTERDAM AV,A10,-73.939892,40.836013,
186,0101000020E61000006314F0C3417C52C09606F1694E6A4440,187,C,155th Street - St Nicholas Av,"A, C","A, C",C,155TH STREET - ST NICHOLAS AV,155TH STREET - IND - ST NICHOLAS AV,A11,-73.941514,40.830518,
188,0101000020E6100000EFC5FD47A67C52C097D026C0B0684440,189,"B, C",135th Street,"A, B, C","A, B, C","B, C",135TH STREET,135TH STREET - IND,A14,-73.947649,40.817894,
189,0101000020E6100000729A0D30F37C52C00F6B726BD2674440,190,"A, B, C, D",125th Street,"A, B, C, D","A, B, C, D","A, B, C, D",125TH STREET,125TH STREET - IND,A15,-73.952343,40.811109,
190,0101000020E6100000324864C91C7D52C0EE1E79060D674440,191,"B, C",116th Street,"A, B, C","A, B, C","B, C",116TH STREET,116TH STREET - IND,A16,-73.954882,40.805085,
191,0101000020E61000007746207A527D52C0F6E882397A664440,192,"B, C",110th Street - Cathedral Pkwy,"A, B, C","A, B, C","B, C",110TH STREET - CATHEDRAL PKWY,110TH STREET - CATHEDRAL PKWY,A17,-73.958159,40.800605,
192,0101000020E6100000078C5B76887D52C0E766B857E6654440,193,"B, C",103rd Street,"A, B, C","A, B, C","B, C",103RD STREET,103RD STREET - IND,A18,-73.961454,40.796092,
193,0101000020E61000002231E78BBD7D52C06EF9309754654440,194,"B, C",96th Street,"A, B, C","A, B, C","B, C",96TH STREET,96TH STREET -,A19,-73.964694,40.791644,
194,0101000020E61000005FAF40B8027E52C02F13975297644440,195,"B, C",86th Street,"A, B, C","A, B, C","B, C",86TH STREET,86TH STREET -,A20,-73.968916,40.785868,
195,0101000020E610000017024697377E52C0DF381EFF05644440,196,"B, C",81st Street - Museum Of Natural History,"A, B, C","A, B, C","B, C",81ST STREET - MUSEUM OF NATURAL HISTORY,81ST STREET - MUSEUM OF NATURAL HISTORY,A21,-73.972143,40.781433,
196,0101000020E6100000272E5E807D7E52C0676808AA46634440,197,"B, C",72nd Street,"A, B, C","A, B, C","B, C",72ND STREET,72ND STREET -,A22,-73.97641,40.775594,
197,0101000020E61000009B3C3BC3D47E52C04E4FF88557624440,198,"A, B, C, D",59th St - Columbus Circle,"A, B, C, D","A, B, C, D","A, B, C, D",59TH ST - COLUMBUS CIRCLE,59TH ST - COLUMBUS CIRCLE,A24,-73.981736,40.768296,
198,0101000020E6100000C656A25C1A7F52C00ED8802898614440,199,"C, E",50th Street,"A, C, E","A, C, E","C, E",50TH STREET,50TH STREET,A25,-73.985984,40.762456,
199,0101000020E61000007E4078D1577F52C00F11F377EF604440,200,"A, C, E",42nd St - Port Authority,"A, C, E","A, C, E","A, C, E",42ND ST - PORT AUTHORITY,42ND ST - PORT AUTHORITY,A27,-73.989735,40.757308,
200,0101000020E6100000A7D9D7B7937F52C047C5BEF04A604440,201,"A, C, E",34th St - Penn Station,"A, C, E","A, C, E","A, C, E",34TH ST - PENN STATION,34TH ST - PENN STATION,A28,-73.993391,40.752287,
201,0101000020E61000001FC25BE7DF7F52C03F3809D9795F4440,202,"C, E",23rd Street,"A, C, E","A, C, E","C, E",23RD STREET,23RD STREET,A30,-73.998041,40.745906,
202,0101000020E610000066C85FB01B8052C0C795F194D55E4440,203,"A, C, E",14th Street - 8 Av,"A, C, E","A, C, E","A, C, E",14TH STREET - 8 AV,14TH STREET - 8 AV,A31,-74.00169,40.740893,
203,0101000020E610000023092E1C088052C07E976740BD5D4440,204,"A, C, E",West 4 St - Upper Level,"A, C, E","A, C, E","A, C, E",WEST 4 ST - UPPER LEVEL,WEST 4 ST - UPPER LEVEL - WASHINTON SQ,A32,-74.000495,40.732338,
204,0101000020E610000093D880423D8052C08F539E01F55C4440,205,"C, E",Spring Street,"A, C, E","A, C, E","C, E",SPRING STREET,SPRING STREET,A33,-74.003739,40.726227,
205,0101000020E6100000939603AC558052C0EF00FAF5435C4440,206,"A, C, E",Canal Street,"A, C, E","A, C, E","A, C, E",CANAL STREET,CANAL STREET - IND,A34,-74.005229,40.720824,
206,0101000020E6100000133C19A88C8052C0B7D53FFD675B4440,207,"A, C",Chambers Street,"A, C","A, C","A, C",CHAMBERS STREET,CHAMBERS STREET,A36,-74.008585,40.714111,
207,0101000020E61000003E3264027E8052C0777B3BBCE75A4440,208,"A, C",Broadway - Nassau,"A, C","A, C","A, C",BROADWAY - NASSAU,BROADWAY - NASSAU,A38,-74.007691,40.710197,
208,0101000020E6100000369122DC647F52C09F4DF3DF83594440,209,"A, C",High Street - Brooklyn Bridge,"A, C","A, C","A, C",HIGH STREET - BROOKLYN BRIDGE,HIGH STREET - BROOKLYN BRIDGE,A40,-73.990531,40.699337,
209,0101000020E61000006F59809C307F52C0077515889E584440,210,"A, C, F",Jay Street - Boro Hall,"A, C, F","A, C, F","A, C, F",JAY STREET - BORO HALL,JAY STREET - BORO HALL,A41,-73.987342,40.692338,
210,0101000020E610000013B3A2410A7F52C0EE33643E20584440,211,"A, C, G",Hoyt Street - Schermerhorn St,"A, C, G","A, C, G","A, C, G",HOYT STREET - SCHERMERHORN ST,HOYT STREET - SCHERMERHORN ST,A42,-73.985001,40.688484,
211,0101000020E610000083F49A21557E52C0A65AFF8CD2574440,212,C,Lafayette Avenue,"A, C","A, C",C,LAFAYETTE AVENUE,LAFAYETTE AVENUE,A43,-73.973946,40.686113,
212,0101000020E610000013832F4AD07D52C06F9D782975574440,213,C,Clinton - Washington,"A, C","A, C",C,CLINTON - WASHINGTON,CLINTON - WASHINGTON,A44,-73.965838,40.683263,
213,0101000020E6100000CF8664FF3C7D52C0F6D4B77537574440,214,C,Franklin Avenue,"A, C","A, C",C,FRANKLIN AVENUE,FRANKLIN AVENUE,A45,-73.956848,40.68138,
214,0101000020E6100000FF3393C7D37C52C027A6A59718574440,215,"A, C",Nostrand Avenue,"A, C","A, C","A, C",NOSTRAND AVENUE,NOSTRAND AVENUE,A46,-73.950426,40.680438,
215,0101000020E61000003F9EAA08377C52C04F8CBDA607574440,216,C,Kingston - Throop Ave,"A, C","A, C",C,KINGSTON - THROOP AVE,KINGSTON - THROOP AVE,A47,-73.940859,40.679921,
216,0101000020E61000005E7A5E10917B52C0A6004A66F5564440,217,"A, C",Utica Avenue,"A, C","A, C","A, C",UTICA AVENUE,UTICA AVENUE,A48,-73.930729,40.679364,
217,0101000020E61000004BB26628EE7A52C0AE55A8A3E3564440,218,C,Ralph Avenue,"A, C","A, C",C,RALPH AVENUE,RALPH AVENUE,A49,-73.920786,40.678822,
218,0101000020E61000000BA7C1525D7A52C0DEC359D8D3564440,219,C,Rockaway Avenue,"A, C","A, C",C,ROCKAWAY AVENUE,ROCKAWAY AVENUE,A50,-73.911946,40.67834,
219,0101000020E6100000026385B2F07952C0DF4404A6D3564440,220,"A, C",Broadway - E New York,"A, C","A, C","A, C",BROADWAY - E NEW YORK,BROADWAY - E. NEW YORK,A51,-73.905316,40.678334,
220,0101000020E6100000B77DDC0A617952C0D7586B6457564440,221,C,Liberty Avenue,"A, C","A, C",C,LIBERTY AVENUE,LIBERTY AVENUE,A52,-73.896548,40.674542,
221,0101000020E6100000BA2B1FA0FB7852C0076B7D5C1B564440,222,C,Van Siclen Avenue,"A, C","A, C",C,VAN SICLEN AVENUE,VAN SICLEN AVENUE,A53,-73.890358,40.67271,
222,0101000020E61000007B123F355E7852C0FED64FE449564440,223,C,Shepherd Avenue,"A, C","A, C",C,SHEPHERD AVENUE,SHEPHERD AVENUE,A54,-73.88075,40.67413,
223,0101000020E61000007779AF95D07752C0EFD6E7C072564440,224,"A, C",Euclid Avenue,"A, C","A, C","A, C",EUCLID AVENUE,EUCLID AVENUE,A55,-73.872106,40.675377,
225,0101000020E6100000E3C094B9F97652C06F2601A1F5564440,226,A,80th Street - Hudson,A,A,A,80TH STREET - HUDSON,80TH STREET (HUDSON),A59,-73.858992,40.679371,
226,0101000020E61000002E08077C7E7652C0FED26D1805574440,227,A,88th Street - Boyd Ave,A,A,A,88TH STREET - BOYD AVE,88TH STREET - BOYD AVE,A60,-73.85147,40.679843,
227,0101000020E6100000EAFE02B0017652C00E56274C18574440,228,A,Rockaway Boulevard,A,A,A,ROCKAWAY BOULEVARD,ROCKAWAY BOULEVARD,A61,-73.843853,40.680429,
407,0101000020E6100000F714878BDC7A52C026C16BD26D594440,408,M,Knickerbocker,M,M,M,KNICKERBOCKER,KNICKERBOCKER,M09,-73.919711,40.698664,
228,0101000020E61000005F8928999C7552C0F7DD584E42574440,229,A,104th Street - Oxford Ave,A,A,A,104TH STREET - OXFORD AVE,104TH STREET - OXFORD AVE,A63,-73.837683,40.681711,
229,0101000020E6100000DA9D9928427552C04EB2802898574440,230,A,111th Street - Greenwood Ave,A,A,A,111TH STREET - GREENWOOD AVE,111TH STREET - GREENWOOD AVE,A64,-73.832163,40.684331,
230,0101000020E61000007789DADFD97452C067570C3ECD574440,231,A,Lefferts Boulevard - Ozone Park,A,A,A,LEFFERTS BOULEVARD - OZONE PARK,LEFFERTS BOULEVARD - OZONE PARK,A65,-73.825798,40.685951,
231,0101000020E61000004291CE6C577C52C067EB51B989604440,232,F,21st - Li. City - Queensbridge,F,F,F,21ST - LI. CITY - QUEENSBRIDGE,21ST - L. I.CITY - QUEENSBRIDGE,B04,-73.942836,40.754203,
233,0101000020E6100000B73102D4D47D52C057495565DF614440,234,F,Lexington - 63 St,F,F,F,LEXINGTON - 63 ST,LEXINGTON - 63 ST,B08,-73.966115,40.76463,
234,0101000020E610000043C9A38E8E7E52C0C7F63DCDC9614440,235,F,57th Street,F,F,F,57TH STREET,57TH STREET,B10,-73.977451,40.763971,
235,0101000020E610000006C92101A37F52C03E233DB2B9524440,236,D,Ninth Ave - West End-9 Ave,D,D,D,NINTH AVE - WEST END-9 AVE,NINTH AVE (WEST END)-9 ave,B12,-73.994324,40.646292,
236,0101000020E61000008FEC3EADA27F52C0EE844E7809524440,237,D,Fort Hamilton,D,D,D,FORT HAMILTON,FORT HAMILTON,B13,-73.994304,40.640914,
237,0101000020E6100000622ADFA7AA7F52C0B74DBAF770514440,238,D,50 Street,D,D,D,50 STREET,50 STREET,B14,-73.994791,40.63626,
238,0101000020E61000009F6FF8E0B57F52C066E6B0DCD2504440,239,D,55 Street,D,D,D,55 STREET,55 STREET,B15,-73.995476,40.631435,
239,0101000020E610000007DBAF20CD7F52C06E89083C30504440,240,D,62th St - New Utrecht,D,D,D,62TH ST - NEW UTRECHT,62TH ST - NEW UTRECHT,B16,-73.996895,40.626472,
240,0101000020E610000063794563ED7F52C0A6B13EB14E4F4440,241,D,71st Street,D,D,D,71ST STREET,71ST STREET,B17,-73.998864,40.619589,
241,0101000020E6100000F73E86FE098052C026E66533874E4440,242,D,79th Street,D,D,D,79TH STREET,79TH STREET,B18,-74.00061,40.613501,
242,0101000020E6100000CE4050711C8052C00642C96FD14D4440,243,D,18 Avenue,D,D,D,18 AVENUE,18 AVENUE,B19,-74.001736,40.607954,
243,0101000020E6100000BE7F08FCE17F52C0DE5A4B17624D4440,244,D,20 Avenue,D,D,D,20 AVENUE,20 AVENUE,B20,-73.998168,40.604556,
244,0101000020E6100000AB1D533D997F52C007B5703D0A4D4440,245,D,Bay Parkway - 86 St,D,D,D,BAY PARKWAY - 86 ST,BAY PARKWAY (86 ST),B21,-73.993728,40.601875,
245,0101000020E6100000A77FD234287F52C0D7A48E90814C4440,246,D,25 Avenue,D,D,D,25 AVENUE,25 AVENUE,B22,-73.986829,40.597704,
246,0101000020E610000053707901F67E52C0862752245F4B4440,247,D,Bay 50 Street,D,D,D,BAY 50 STREET,BAY 50 STREET,B23,-73.983765,40.588841,
247,0101000020E6100000A61D0B293F7852C0A6CA8CCEF96F4440,248,D,205th Street - Norwood - Bainbridge,D,D,D,205TH STREET - NORWOOD - BAINBRIDGE,205TH STREET - NORWOOD - BAIN BRIDGE,D01,-73.878855,40.874811,
248,0101000020E6100000136376DEC67852C0872A9B75C66F4440,249,"B, D",Bedford Park Blvd,"B, D","B, D","B, D",BEDFORD PARK BLVD,BEDFORD PARK BLVD,D03,-73.887138,40.873244,
249,0101000020E6100000C33F5F402F7952C026099622F96E4440,250,"B, D",Kingsbridge Road,"B, D","B, D","B, D",KINGSBRIDGE ROAD,KINGSBRIDGE ROAD,D04,-73.893509,40.866978,
250,0101000020E61000007BFC38B8747952C0774083F23E6E4440,251,"B, D",Fordham Road,"B, D","B, D","B, D",FORDHAM ROAD,FORDHAM ROAD,D05,-73.897749,40.861296,
251,0101000020E610000073F793BDA57952C08F389674946D4440,252,"B, D",182 - 183rd Street,"B, D","B, D","B, D",182 - 183RD STREET,182 - 183RD STREET,D06,-73.900741,40.856093,
252,0101000020E6100000EED1393DEF7952C01EC9213CDA6C4440,253,"B, D",Tremont Avenue,"B, D","B, D","B, D",TREMONT AVENUE,TREMONT AVENUE,D07,-73.905227,40.85041,
253,0101000020E6100000C32111AB3F7A52C097068273466C4440,254,"B, D",174th - 175th Street,"B, D","B, D","B, D",174TH - 175TH STREET,174TH - 175TH STREET,D08,-73.910136,40.8459,
254,0101000020E610000073D64525757A52C0AF9B06616E6B4440,255,"B, D",170th Street,"B, D","B, D","B, D",170TH STREET,170TH STREET,D09,-73.9134,40.839306,
255,0101000020E61000000B792DB0C77A52C0E71FDC12B96A4440,256,"B, D",167th Street,"B, D","B, D","B, D",167TH STREET,167TH STREET,D10,-73.918438,40.833773,
256,0101000020E6100000DB1EB1DD3D7B52C06F4682CAF8694440,257,"B, D",161 Street - Yankee Stadium,"B, D","B, D","B, D",161 STREET - YANKEE STADIUM,161 STREET - YANKEE STADIUM,D11,-73.925651,40.827905,
257,0101000020E6100000FEE4C29D0B7C52C0BF8D19DD416A4440,258,"B, D",155th Street,"B, D","B, D","B, D",155TH STREET,155TH STREET,D12,-73.938209,40.830135,
258,0101000020E6100000570EF2086E7C52C05727467D92694440,259,"B, D",145th Street,"B, D","B, D","B, D",145TH STREET,145TH STREET,D13,-73.944216,40.824783,
259,0101000020E6100000E7B8FE23D37E52C0E7DA4676A5614440,260,"B, D, E",7th Ave - 53 St,"B, D, E","B, D, E","B, D, E",7TH AVE - 53 ST,7TH AVE - 53 ST,D14,-73.981637,40.762862,
260,0101000020E610000097702618CE7E52C0766882DE1B614440,261,"B, D, F, M",47-50th St - Rockefeller Ctr,"B, D, F, M","B, D, F, M","B, D, F, M",47-50TH ST - ROCKEFELLER CTR,47-50TH ST - ROCKEFELLER CTR.,D15,-73.981329,40.758663,
261,0101000020E6100000B315B22D037F52C0270FB4588A604440,262,"B, D, F, M",42nd Street - Bryant Park,"B, D, F, M","B, D, F, M","B, D, F, M",42ND STREET - BRYANT PARK,42ND STREET - BRYANT PARK,D16,-73.984569,40.754222,
262,0101000020E6100000C3D7F57D387F52C0BE60CDCAF65F4440,263,"B, D, F, M",34th Street - Herald Sq,"B, D, F, M","B, D, F, M","B, D, F, M",34TH STREET - HERALD SQ,34TH STREET - HERALD SQ,D17,-73.987823,40.749719,
263,0101000020E610000073C117618A7F52C0262556A0165F4440,264,"F, M",23rd Street,"F, M","F, M","F, M",23RD STREET,23RD STREET -,D18,-73.992821,40.742878,
264,0101000020E610000036CB64E3C17F52C02E544E417E5E4440,265,"F, M",14th Street,"F, M","F, M","F, M",14TH STREET,14TH STREET -,D19,-73.996209,40.738228,
265,0101000020E610000023092E1C088052C07E976740BD5D4440,266,"B, D, F, M",West 4 St - Washington Sq,"B, D, F, M","B, D, F, M","B, D, F, M",WEST 4 ST - WASHINGTON SQ,WEST 4 ST - WASHINGTON SQ,D20,-74.000495,40.732338,
266,0101000020E61000004FD66BCEC17F52C0BF223788D65C4440,267,"B, D, F, M",Broadway - Lafayette,"B, D, F, M","B, D, F, M","B, D, F, M",BROADWAY - LAFAYETTE,BROADWAY-LAFAYETTE,D21,-73.996204,40.725297,
267,0101000020E610000006EF2EA6997F52C0D7164E2CF05B4440,268,"B, D",Grand Street,"B, D","B, D","B, D",GRAND STREET,GRAND STREET,D22,-73.993753,40.718267,
268,0101000020E61000001BD9A25D857E52C0DF57A1629C574440,269,"B, Q",Atlantic Avenue,"B, Q","B, Q","B, Q",ATLANTIC AVENUE,ATLANTIC AVENUE,D24,-73.97689,40.68446,
269,0101000020E610000073A5CC423B7E52C09F920B93A9564440,270,"B, Q",7 Avenue - Brighton,"B, Q","B, Q","B, Q",7 AVENUE - BRIGHTON,7 AVENUE (BRIGHTON),D25,-73.972367,40.67705,
270,0101000020E61000006AB23E70957D52C0E7E67EC4AF544440,271,"B, FS, Q",Prospect Park,"B, FS, Q","B, FS, Q","B, FS, Q",PROSPECT PARK,PROSPECT PARK,D26,-73.962246,40.661614,
271,0101000020E6100000860F5322897D52C06FEFB69BE0534440,272,"B, Q",Parkside Avenue,"B, Q","B, Q","B, Q",PARKSIDE AVENUE,PARKSIDE AVENUE,D27,-73.961495,40.655292,
272,0101000020E6100000F764417FA17D52C0D7B2FE7744534440,273,"B, Q",Church Avenue,"B, Q","B, Q","B, Q",CHURCH AVENUE,CHURCH AVENUE,D28,-73.962982,40.650527,
273,0101000020E610000067FFA63CBA7D52C027BA989B6F524440,274,"B, Q",Beverley Road,"B, Q","B, Q","B, Q",BEVERLEY ROAD,BEVERLEY ROAD,D29,-73.964492,40.644031,
274,0101000020E61000005756E063B07D52C0AE295BE509524440,275,"B, Q",Cortelyou Road - Dorchester,"B, Q","B, Q","B, Q",CORTELYOU ROAD - DORCHESTER,CORTELYOU ROAD - DORCHESTER,D30,-73.963891,40.640927,
275,0101000020E61000009F8587669E7D52C09EC8F15D4A514440,276,"B, Q",Newkirk Avenue,"B, Q","B, Q","B, Q",NEWKIRK AVENUE,NEWKIRK AVENUE,D31,-73.962793,40.635082,
276,0101000020E61000000F414E7E8B7D52C036C55AEB8B504440,277,"B, Q",Avenue H,"B, Q","B, Q","B, Q",AVENUE H,AVENUE H,D32,-73.961639,40.62927,
277,0101000020E61000003740DDCB7D7D52C0468A274701504440,278,"B, Q",Avenue J,"B, Q","B, Q","B, Q",AVENUE J,AVENUE J,D33,-73.960803,40.625039,
278,0101000020E61000005BBC0FCB667D52C09F4A4C1B0E4F4440,279,"B, Q",Avenue M,"B, Q","B, Q","B, Q",AVENUE M,AVENUE M,D34,-73.959399,40.617618,
279,0101000020E61000002F338C834B7D52C03EEE08E6E84D4440,280,"B, Q",Kings Highway,"B, Q","B, Q","B, Q",KINGS HIGHWAY,KINGS HIGHWAY,D35,-73.957734,40.60867,
280,0101000020E61000009BABD3F02D7D52C05E3CC6DCB54C4440,281,"B, Q",Avenue U - Brighton,"B, Q","B, Q","B, Q",AVENUE U - BRIGHTON,AVENUE U (BRIGHTON),D37,-73.955929,40.5993,
281,0101000020E6100000038C9A5B217D52C01EC25B05314C4440,282,"B, Q",Neck Road - E 16 St,"B, Q","B, Q","B, Q",NECK ROAD - E 16 ST,NECK ROAD - E 16 ST,D38,-73.955161,40.595246,
282,0101000020E6100000E6B421E0107D52C067F87A681F4B4440,283,"B, Q",Sheepshead Bay,"B, Q","B, Q","B, Q",SHEEPSHEAD BAY,SHEEPSHEAD BAY,D39,-73.954155,40.586896,
283,0101000020E61000005FAF332F877D52C0A7E7247CEF494440,284,"B, Q",Brighton Beach,"B, Q","B, Q","B, Q",BRIGHTON BEACH,BRIGHTON BEACH,D40,-73.961376,40.577621,
284,0101000020E61000007BD17ABDFB7D52C0A7927497C4494440,285,Q,Ocean Parkway,Q,Q,Q,OCEAN PARKWAY,OCEAN PARKWAY,D41,-73.96849,40.576312,
285,0101000020E6100000E73945BC757E52C0C7BDF28FBE494440,286,"F, Q",West 8th Street - Ny Aquarium,"F, Q","F, Q","F, Q",WEST 8TH STREET - NY AQUARIUM,WEST 8TH STREET - NY AQUARIUM,D42,-73.975936,40.576128,
330,0101000020E610000092530341807952C0471B5E27F55F4440,331,"M, R",65th Street,"E, M, R","E, M, R","M, R",65TH STREET,65TH STREET,G15,-73.898453,40.749669,
286,0101000020E61000000E824D81CC7E52C02E84A4DDE8494440,287,"D, F, N, Q",Stillwell Ave - Coney Island,"D, F, N, Q","D, F, N, Q","D, F, N, Q",STILLWELL AVE - CONEY ISLAND,STILLWELL AVE. - CONEY ISLAND,D43,-73.981232,40.577419,
287,0101000020E6100000EAC57C40A08052C0AF8E10E3355B4440,288,E,World Trade Center,E,E,E,WORLD TRADE CENTER,WORLD TRADE CENTER,E01,-74.009781,40.712582,
288,0101000020E61000001752C70E2A7252C00F0EF0FB375B4440,289,F,179th Street - Jamaica,"E, F","E, F",F,179TH STREET - JAMAICA,179TH STREET - JAMAICA,F01,-73.783817,40.712646,
289,0101000020E6100000AA696E68CA7252C0178452AEF05A4440,290,F,169th Street,F,F,F,169TH STREET,169TH STREET,F02,-73.793604,40.71047,
290,0101000020E610000027EE74B1697352C05E020775915A4440,291,F,Parsons Boulevard,"E, F","E, F",F,PARSONS BOULEVARD,PARSONS BOULEVARD,F03,-73.803326,40.707564,
291,0101000020E6100000A79FCEA3E27352C01EA165834C5A4440,292,F,Sutphin Boulevard,F,F,F,SUTPHIN BOULEVARD,SUTPHIN BOULEVARD,F04,-73.810708,40.70546,
292,0101000020E6100000775ECF48847452C00EACA260C65A4440,293,"E, F",Van Wyck Blvd - Briarwood,"E, F","E, F","E, F",VAN WYCK BLVD - BRIARWOOD,VAN WYCK BLVD - BRIARWOOD,F05,-73.820574,40.709179,
293,0101000020E610000082972D3C2F7552C08E497DCD725B4440,294,"E, F",Union Turnpike - Kew Gardens,"E, F","E, F","E, F",UNION TURNPIKE - KEW GARDENS,UNION TURNPIKE (Kew Gardens),F06,-73.831008,40.714441,
294,0101000020E6100000BFD366B7967552C0D7A72B45F25B4440,295,"E, F",75th Avenue,"E, F","E, F","E, F",75TH AVENUE,75TH AVENUE,F07,-73.837324,40.718331,
295,0101000020E6100000DEEE95438B7C52C0EE6BF06AB95F4440,296,"E, M",23rd - Ely Avenue,"E, M","E, M","E, M",23RD - ELY AVENUE,23RD - ELY AVENUE,F09,-73.946,40.747846,
296,0101000020E6100000FBEB42FF047E52C04622C476F7604440,297,"E, M",Lexington - 53rd St,"E, M","E, M","E, M",LEXINGTON - 53RD ST,LEXINGTON - 53RD ST,F11,-73.969055,40.757552,
297,0101000020E6100000238EEC116A7E52C0C70CFA264D614440,298,"E, M",Fifth Ave - 53rd St,"E, M","E, M","E, M",FIFTH AVE - 53RD ST,FIFTH AVE - 53RD ST,F12,-73.975224,40.760167,
298,0101000020E6100000CF3CEA245B7F52C0AE4ACD6F985C4440,299,F,Second Avenue - Lower East Side,F,F,F,SECOND AVENUE - LOWER EAST SIDE,SECOND AVENUE - LOWER EAST SIDE - 2ND AVE,F14,-73.989938,40.723402,
299,0101000020E61000005FA380423D7F52C097C4FB71FB5B4440,300,F,Delancy Street,F,F,F,DELANCY STREET,DELANCY STREET,F15,-73.988114,40.718611,
300,0101000020E61000002AA692FE5E7F52C01FB85B035B5B4440,301,F,East Broadway,F,F,F,EAST BROADWAY,EAST BROADWAY,F16,-73.990173,40.713715,
301,0101000020E6100000AFEAB31F297F52C0DF3EBB2D91594440,302,F,York Street,F,F,F,YORK STREET,YORK STREET,F18,-73.986885,40.699743,
302,0101000020E6100000BB1573486A7F52C08E117099D3574440,303,"F, G",Bergen Street,"F, G","F, G","F, G",BERGEN STREET,BERGEN STREET,F20,-73.990862,40.686145,
303,0101000020E61000005F05CEDDAE7F52C096812F2B14574440,304,"F, G",Carroll Street,"F, G","F, G","F, G",CARROLL STREET,CARROLL STREET,F21,-73.995048,40.680303,
304,0101000020E61000001F83D1CABD7F52C01E7193DE37564440,305,"F, G",Smith - 9th Street,"F, G","F, G","F, G",SMITH - 9TH STREET,SMITH - 9TH STREET,F22,-73.995959,40.67358,
305,0101000020E6100000BE23058A587F52C03E411079CB554440,306,"F, G",4th Avenue - 9th St,"F, G","F, G","F, G",4TH AVENUE - 9TH ST,4TH AVENUE - 9TH ST,F23,-73.989779,40.670272,
306,0101000020E610000032522E51BD7E52C097DD3D5E48554440,307,"F, G",7th Avenue - Park Slope,"F, G","F, G","F, G",7TH AVENUE - PARK SLOPE,7TH AVENUE - PARK SLOPE,F24,-73.980305,40.666271,
398,0101000020E61000002B218CF4A27952C057E87932FF544440,399,L,Livonia Avenue,L,L,L,LIVONIA AVENUE,LIVONIA AVENUE,L26,-73.900571,40.664038,
307,0101000020E61000005B4F6803B07E52C09FBC1FD786544440,308,"F, G",15 St - Prospect Park,"F, G","F, G","F, G",15 ST - PROSPECT PARK,15 ST - PROSPECT PARK,F25,-73.979493,40.660365,
308,0101000020E61000003F562E1D737E52C0DF2C17D34C534440,309,"F, G",Fort Hamilton,"F, G","F, G","F, G",FORT HAMILTON,FORT HAMILTON,F26,-73.975776,40.650782,
309,0101000020E61000005F045B0BB37E52C0CE8D7CEF6F524440,310,"F, G",Church Avenue,"F, G","F, G","F, G",CHURCH AVENUE,CHURCH AVENUE,F27,-73.979678,40.644041,
310,0101000020E61000000E9DBB5E9A7E52C02EAAEE586C514440,311,F,Ditmas Avenue,F,F,F,DITMAS AVENUE,DITMAS AVENUE,F29,-73.978172,40.636119,
311,0101000020E61000004E1E5FB1867E52C08E16D4CF9B504440,312,F,18 Avenue - Culver,F,F,F,18 AVENUE - CULVER,18 AVENUE (CULVER),F30,-73.976971,40.629755,
312,0101000020E610000036B761DD787E52C08F66228D0A504440,313,F,Avenue I - Culver,F,F,F,AVENUE I - CULVER,AVENUE I (CULVER),F31,-73.976127,40.625322,
313,0101000020E61000000A47B2B96A7E52C0AF72CC5B754F4440,314,F,22 Avenue - Bay Parkway,F,F,F,22 AVENUE - BAY PARKWAY,22 AVENUE - BAY PARKWAY,F32,-73.975264,40.620769,
314,0101000020E61000002F07603E597E52C0FFAE53E8BC4E4440,315,F,Avenue N - Culver,F,F,F,AVENUE N - CULVER,AVENUE N (CULVER),F33,-73.974197,40.61514,
315,0101000020E6100000632411FE457E52C0979D81E0F14D4440,316,F,Avenue P - Culver,F,F,F,AVENUE P - CULVER,AVENUE P (CULVER),F34,-73.973022,40.608944,
316,0101000020E6100000F3E5A1293B7E52C0AE67F336364D4440,317,F,Kings Highway,F,F,F,KINGS HIGHWAY,KINGS HIGHWAY,F35,-73.972361,40.603217,
317,0101000020E61000003AD3287B4B7E52C0A6B1D9CA4B4C4440,318,F,Avenue U - Culver,F,F,F,AVENUE U - CULVER,AVENUE U (CULVER),F36,-73.973357,40.596063,
318,0101000020E61000007B12AC1C5A7E52C087CF0BAB784B4440,319,F,Avenue X - Culver,F,F,F,AVENUE X - CULVER,AVENUE X (CULVER),F38,-73.97425,40.58962,
319,0101000020E6100000E60CA06B5F7E52C0FFE4B0AA5E4A4440,320,F,Neptune Avenue - Van Sicklen,F,F,F,NEPTUNE AVENUE - VAN SICKLEN,NEPTUNE AVENUE - VAN SICKLEN,F39,-73.974574,40.581014,
320,0101000020E6100000A6A5AE5E457352C06787F0F3DF594440,321,"E, J, Z",Parsons - Archer - Jamaica Center,"E, J, Z","E, J","E, J, Z",PARSONS - ARCHER - JAMAICA CENTER,PARSONS - ARCHER (JAMAICA CENTER),G05,-73.801109,40.702147,
321,0101000020E610000057559BC3B57352C04FDB7586A9594440,322,"E, J, Z",Sutphin Blvd - Archer - Jfk Airport,"E, J, Z","E, J","E, J, Z",SUTPHIN BLVD - ARCHER - JFK AIRPORT,SUTPHIN BLVD - ARCHER - JFK AIRPORT,G06,-73.807969,40.700486,
322,0101000020E610000086FAF86A477452C0661DC5AEED594440,323,E,Van Wyck - Jamaica,E,E,E,VAN WYCK - JAMAICA,VAN WYCK - JAMAICA,G07,-73.816859,40.702566,
323,0101000020E61000006EC7CEA10C7652C08647E55E605C4440,324,"E, F, M, R",71 Av - Continental Ave,"E, F, M, R","E, F, M, R","E, F, M, R",71 AV - CONTINENTAL AVE,71 AV - CONTINENTAL AVE - FOREST HILLS,G08,-73.844521,40.721691,
324,0101000020E61000004E9DB6F2927652C097D4A5B4FE5C4440,325,"M, R",67th Avenue,"E, M, R","E, M, R","M, R",67TH AVENUE,67TH AVENUE,G09,-73.852719,40.726523,
325,0101000020E610000062561A85247752C0F6C1FE976B5D4440,326,"M, R",63rd Drive - Rego Park,"E, M, R","E, M, R","M, R",63RD DRIVE - REGO PARK,63RD DRIVE - REGO PARK,G10,-73.861604,40.729846,
326,0101000020E61000001EBDAB72A17752C016C5DB6AD65D4440,327,"M, R",Woodhaven Blvd - Queens Mall,"E, M, R","E, M, R","M, R",WOODHAVEN BLVD - QUEENS MALL,WOODHAVEN BLVD - QUEENS MALL,G11,-73.869229,40.733106,
327,0101000020E61000001BCCEF6B247852C01647EC81565E4440,328,"M, R",Grand Avenue - Newtown,"E, M, R","E, M, R","M, R",GRAND AVENUE - NEWTOWN,GRAND AVENUE - NEWTOWN,G12,-73.877223,40.737015,
328,0101000020E6100000E6EE6DF7727852C04EA58FBB085F4440,329,"M, R",Elmhurst Avenue,"E, M, R","E, M, R","M, R",ELMHURST AVENUE,ELMHURST AVENUE,G13,-73.882017,40.742454,
329,0101000020E6100000E2668AAE0B7952C0AFC7D507925F4440,330,"E, F, M, R",Roosevelt Avenue - Jackson Heights,"E, F, M, R","E, F, M, R","E, F, M, R",ROOSEVELT AVENUE - JACKSON HEIGHTS,ROOSEVELT AVENUE (JACKSON HEIGHTS),G14,-73.891338,40.746644,
331,0101000020E6100000F3A59600FC7952C04F4623895E604440,332,"M, R",Northern Boulevard,"E, M, R","E, M, R","M, R",NORTHERN BOULEVARD,NORTHERN BOULEVARD,G16,-73.906006,40.752885,
332,0101000020E610000033AE410C747A52C07F36E5D4CE604440,333,"M, R",46th Street,"E, M, R","E, M, R","M, R",46TH STREET,46TH STREET,G18,-73.913333,40.756312,
333,0101000020E610000013317767ED7A52C0CF953C69E1604440,334,"M, R",Steinway Street,"E, M, R","E, M, R","M, R",STEINWAY STREET,STEINWAY STREET,G19,-73.92074,40.756879,
334,0101000020E61000000F83DD25717B52C0675F5FD042604440,335,"M, R",36 Street - Northern Blvd,"E, M, R","E, M, R","M, R",36 STREET - NORTHERN BLVD,36 STREET (NORTHERN BLVD),G20,-73.928781,40.752039,
335,0101000020E610000003BE10CAFB7B52C06616E658DE5F4440,336,"E, M, R",Queens Plaza,"E, M, R","E, M, R","E, M, R",QUEENS PLAZA,QUEENS PLAZA (IND),G21,-73.937243,40.748973,
336,0101000020E61000008B7E55BE677C52C05E10DB148F5F4440,337,G,Court Sq - Long Island City,G,G,G,COURT SQ - LONG ISLAND CITY,COURT SQ. - LONG ISLAND CITY,G22,-73.943832,40.746554,
337,0101000020E61000000F722C47C87C52C057FA9C853D5F4440,338,G,21st Street - Van Alst,G,G,G,21ST STREET - VAN ALST,21ST STREET - VAN ALST,G24,-73.949724,40.744065,
338,0101000020E61000003FE041B1157D52C096903DF19C5D4440,339,G,Greenpoint Avenue,G,G,G,GREENPOINT AVENUE,GREENPOINT AVENUE,G26,-73.954449,40.731352,
339,0101000020E61000002B25EDB8E17C52C0B610F5D6C05C4440,340,G,Nassau Avenue,G,G,G,NASSAU AVENUE,NASSAU AVENUE,G28,-73.951277,40.724635,
340,0101000020E6100000F2F65208E47C52C00FADABC43C5B4440,341,G,Metropolitan Avenue - Grand St,G,G,G,METROPOLITAN AVENUE - GRAND ST,METROPOLITAN AVENUE - GRAND ST,G29,-73.951418,40.712792,
341,0101000020E61000006B9EA5D8D17C52C0FF140039615A4440,342,G,Broadway - Union Avenue,G,G,G,BROADWAY - UNION AVENUE,BROADWAY-UNION AVENUE,G30,-73.950308,40.706092,
342,0101000020E6100000E7F443A2D07C52C0A7EE1AF4A5594440,343,G,Flushing Avenue,G,G,G,FLUSHING AVENUE,FLUSHING AVENUE,G31,-73.950234,40.700377,
343,0101000020E6100000B7BF6E2BBD7C52C0C7AAAE9AE7584440,344,G,Myrtle - Willoughby Ave,G,G,G,MYRTLE - WILLOUGHBY AVE,MYRTLE - WILLOUGHBY AVE,G32,-73.949046,40.694568,
344,0101000020E610000092A72381067D52C09F4291B245584440,345,G,Bedford - Nostrand Ave,G,G,G,BEDFORD - NOSTRAND AVE,BEDFORD - NOSTRAND AVE,G33,-73.953522,40.689627,
345,0101000020E61000009FE470C9717D52C05F3D8FFD2C584440,346,G,Classon Avenue,G,G,G,CLASSON AVENUE,CLASSON AVENUE,G34,-73.96007,40.688873,
346,0101000020E61000004365AFB0E07D52C07EABE34C13584440,347,G,Clinton - Washington Ave,G,G,G,CLINTON - WASHINGTON AVE,CLINTON - WASHINGTON AVE,G35,-73.966839,40.688089,
347,0101000020E61000008B52438B6C7E52C0DF08F183F3574440,348,G,Fulton Street,G,G,G,FULTON STREET,FULTON STREET,G36,-73.975375,40.687119,
348,0101000020E6100000E389CE34617552C04F9B13B188554440,349,A,Aqueduct Racetrack,A,A,A,AQUEDUCT RACETRACK,AQUEDUCT - N.CONDUIT - RACETRACK,H02,-73.834058,40.668234,
349,0101000020E6100000ABE0CDA6237552C09FD3417A8A544440,350,A,Howard Beach - Jfk Airport,A,A,A,HOWARD BEACH - JFK AIRPORT,HOWARD BEACH - JFK AIRPORT,H03,-73.830301,40.660476,
350,0101000020E6100000C7377E1D387452C01F281C76DF4D4440,351,"A, H",Broad Channel,"A, H","A, H","A, H",BROAD CHANNEL,BROAD CHANNEL,H04,-73.815925,40.608382,
351,0101000020E6100000978085CD007352C037FAF47EA34B4440,352,A,Beach 67th St - Gaston,A,A,A,BEACH 67TH ST - GASTON,BEACH 67TH ST - GASTON,H06,-73.796924,40.590927,
352,0101000020E610000003DBFA24777252C0473346E9D24B4440,353,A,Beach 60th St - Straiton Av,A,A,A,BEACH 60TH ST - STRAITON AV,BEACH 60TH ST - STRAITON AV,H07,-73.788522,40.592374,
353,0101000020E6100000D7F56D32AA7152C0E6BC648EE54B4440,354,A,Beach 44th St - Frank Av,A,A,A,BEACH 44TH ST - FRANK AV,BEACH 44TH ST - FRANK AV,H08,-73.776013,40.592943,
354,0101000020E61000002BA079C7297152C016E06C00364C4440,355,A,Beach 36th St - Edgemere,A,A,A,BEACH 36TH ST - EDGEMERE,BEACH 36TH ST - EDGEMERE,H09,-73.768175,40.595398,
355,0101000020E61000003A14EF01BA7052C09F3F73F6CE4C4440,356,A,Beach 25th St - Wavecrest,A,A,A,BEACH 25TH ST - WAVECREST,BEACH 25TH ST - WAVECREST,H10,-73.761353,40.600066,
356,0101000020E6100000AEB5368E587052C08F7A49B54F4D4440,357,A,Mott Avenue - Far Rockaway,A,A,A,MOTT AVENUE - FAR ROCKAWAY,MOTT AVENUE - FAR ROCKAWAY,H11,-73.755405,40.603995,
357,0101000020E61000000AC7B3B1127452C0AF0BB8B2444B4440,358,"A, H",Beach 90th St - Holland,"A, H",H,"A, H",BEACH 90TH ST - HOLLAND,BEACH 90TH ST - HOLLAND,H12,-73.813641,40.588034,
358,0101000020E610000057ACB305847452C00675FC56EB4A4440,359,"A, H",Beach 98th - Playland,"A, H",H,"A, H",BEACH 98TH - PLAYLAND,BEACH 98TH - PLAYLAND,H13,-73.820558,40.585307,
359,0101000020E6100000CB2D06BAF67452C056A4AE97A64A4440,360,"A, H",Beach 105th St - Seaside,"A, H",H,"A, H",BEACH 105TH ST - SEASIDE,BEACH 105TH ST - SEASIDE,H14,-73.827559,40.583209,
360,0101000020E61000001F2BDE567A7552C09FDF8C075B4A4440,361,"A, H",Rockaway Park - Beach 116 St,"A, H",H,"A, H",ROCKAWAY PARK - BEACH 116 ST,ROCKAWAY PARK - BEACH 116 ST,H15,-73.835592,40.580903,
361,0101000020E61000008F1ED6C4027552C04F5ACBB8A9594440,362,"J, Z",121 Street - Jamaica Av,"J, Z",J,"J, Z",121 STREET - JAMAICA AV,121 STREET - JAMAICA AV,J12,-73.828294,40.700492,
362,0101000020E61000002B632DAD867552C0675637FE44594440,363,J,111 Street - Jamaica Av,J,J,J,111 STREET - JAMAICA AV,111 STREET - JAMAICA AV,J13,-73.836345,40.697418,
363,0101000020E61000001F4AB280097652C0663BBC97FB584440,364,"J, Z",102nd Street - 104 St,"J, Z",J,"J, Z",102ND STREET - 104 ST,102ND STREET - 104 ST,J14,-73.84433,40.695178,
364,0101000020E6100000C31E9F38807652C0A7CBED06D1584440,365,"J, Z",Woodhaven Boulevard,"J, Z",J,"J, Z",WOODHAVEN BOULEVARD,WOODHAVEN BOULEVARD,J15,-73.851576,40.693879,
365,0101000020E6100000CB1F62670A7752C01652C7B5A1584440,366,J,Forest Parkway - 85 St,J,J,J,FOREST PARKWAY - 85 ST,FOREST PARKWAY - 85 ST,J16,-73.86001,40.692435,
366,0101000020E6100000722993347F7752C0E60B094E7D584440,367,"J, Z",Elderts Lane - 75 St,"J, Z",J,"J, Z",ELDERTS LANE - 75 ST,ELDERTS LANE - 75 ST,J17,-73.867139,40.691324,
367,0101000020E6100000A39EF4DBD77752C03F5297FC4F584440,368,J,Cypress Hills,J,J,J,CYPRESS HILLS,CYPRESS HILLS,J19,-73.87255,40.689941,
368,0101000020E6100000CF16EC17EC7752C02F34A7E672574440,369,"J, Z",Crescent Street,"J, Z",J,"J, Z",CRESCENT STREET,CRESCENT STREET,J20,-73.873785,40.683194,
369,0101000020E61000007F28198F527852C08661617138574440,370,"J, Z",Norwood Avenue,"J, Z",J,"J, Z",NORWOOD AVENUE,NORWOOD AVENUE,J21,-73.880039,40.68141,
370,0101000020E61000003B6EE5EC9D7852C036C4D88008574440,371,J,Cleveland Street,J,J,J,CLEVELAND STREET,CLEVELAND STREET,J22,-73.884639,40.679947,
371,0101000020E610000042FD8B6A117952C0EE898C7DC9564440,372,"J, Z",Van Siclen Avenue,"J, Z",J,"J, Z",VAN SICLEN AVENUE,VAN SICLEN AVENUE,J23,-73.891688,40.678024,
372,0101000020E610000087C3108C837952C0379281ACA7564440,373,J,Alabama Avenue,J,J,J,ALABAMA AVENUE,ALABAMA AVENUE,J24,-73.898654,40.676992,
373,0101000020E61000009EBD4C86E37952C00F905CCAF9564440,374,"J, Z",Broadway Junction - Eastern Parkway,"J, Z",J,"J, Z",BROADWAY JUNCTION - EASTERN PARKWAY,BROADWAY JUNCTION - EASTERN PARKWAY,J27,-73.904512,40.679498,
374,0101000020E6100000DBF13DE9447A52C0BEB7AF0969574440,375,"J, Z",Chauncey Street,"J, Z",J,"J, Z",CHAUNCEY STREET,CHAUNCEY STREET,J28,-73.910456,40.682893,
375,0101000020E6100000273F14E7A87A52C0FEFEDEF8DA574440,376,J,Halsey Street,J,J,J,HALSEY STREET,HALSEY STREET,J29,-73.916559,40.68637,
376,0101000020E6100000FAA7BF78067B52C01E02BCCB45584440,377,"J, Z",Gates Avenue,"J, Z",J,"J, Z",GATES AVENUE,GATES AVENUE,J30,-73.92227,40.68963,
377,0101000020E6100000E2B146B0717B52C0EEF83F6EBF584440,378,J,Kosciusko Street,J,J,J,KOSCIUSKO STREET,KOSCIUSKO STREET,J31,-73.928814,40.693342,
378,0101000020E6100000BB12EA3C2A8052C027544303B15E4440,379,L,8th Avenue  14 Street,L,L,L,8TH AVENUE  14 STREET,8TH AVENUE  14 STREET,L01,-74.002578,40.739777,
379,0101000020E61000007E6D8157CB7F52C0AFD547FE605E4440,380,L,6 Avenue,L,L,L,6 AVENUE,6 AVENUE,L02,-73.996786,40.737335,
380,0101000020E61000003363CD1E687F52C00766E1900D5E4440,381,L,Union Square - 14 Street,L,L,L,UNION SQUARE - 14 STREET,UNION SQUARE - 14 STREET,L03,-73.99073,40.734789,
381,0101000020E6100000CEC8729F1C7F52C0B720FCFECD5D4440,382,L,3rd Avenue - 14 Street,L,L,L,3RD AVENUE - 14 STREET,3RD AVENUE - 14 STREET,L05,-73.986122,40.732849,
382,0101000020E6100000DB903FFED27E52C07FB32EDE8F5D4440,383,L,1st Avenue - 14 Street,L,L,L,1ST AVENUE - 14 STREET,1ST AVENUE - 14 STREET,L06,-73.981628,40.730953,
383,0101000020E6100000978D0E643D7D52C0EF99129ED05B4440,384,L,Bedford Avenue,L,L,L,BEDFORD AVENUE,BEDFORD AVENUE,L08,-73.956872,40.717304,
384,0101000020E610000063783B4ED17C52C08FBA976A665B4440,385,L,Lorimer Street,L,L,L,LORIMER STREET,LORIMER STREET,L10,-73.950275,40.714063,
385,0101000020E6100000F3CA455D6B7C52C04E05ACDD765B4440,386,L,Graham Avenue,L,L,L,GRAHAM AVENUE,GRAHAM AVENUE,L11,-73.944053,40.714565,
386,0101000020E610000017B6F1EF337C52C09FFB2364205B4440,387,L,Grand Street,L,L,L,GRAND STREET,GRAND STREET,L12,-73.94067,40.711926,
387,0101000020E6100000975E9D80267C52C0C6980831975A4440,388,L,Montrose Avenue,L,L,L,MONTROSE AVENUE,MONTROSE AVENUE,L13,-73.93985,40.707739,
388,0101000020E6100000CF3232AEB87B52C0B73F5130635A4440,389,L,Morgan Avenue,L,L,L,MORGAN AVENUE,MORGAN AVENUE,L14,-73.933147,40.706152,
389,0101000020E61000001F9FAF01117B52C0E6F22219725A4440,390,L,Jefferson Street,L,L,L,JEFFERSON STREET,JEFFERSON STREET,L15,-73.922913,40.706607,
390,0101000020E6100000AB26A779C77A52C0FFF2957A165A4440,391,L,Dekalb Ave - Canarsie Li,L,L,L,DEKALB AVE - CANARSIE LI,DEKALB AVE - CANARSIE LI,L16,-73.918425,40.703811,
391,0101000020E6100000D226CE6C577A52C007E4518193594440,392,L,Myrtle Avenue - Wyckoff Av,L,L,L,MYRTLE AVENUE - WYCKOFF AV,MYRTLE AVENUE - WYCKOFF AV,L17,-73.911586,40.699814,
392,0101000020E6100000974A2383DC7952C0CECC807C09594440,393,L,Halsey Street - Canarsie,L,L,L,HALSEY STREET - CANARSIE,HALSEY STREET - CANARSIE,L19,-73.904084,40.695602,
393,0101000020E6100000D626C1E3DB7952C04F62326B29584440,394,L,Wilson Avenue,L,L,L,WILSON AVENUE,WILSON AVENUE,L20,-73.904046,40.688764,
394,0101000020E61000008E438099EF7952C05738D0F066574440,395,L,Bushwick Avenue - Aberdeen St,L,L,L,BUSHWICK AVENUE - ABERDEEN ST,BUSHWICK AVENUE - ABERDEEN ST,L21,-73.905249,40.682829,
395,0101000020E61000004AEC24AFCE7952C0EF36E0C0E4564440,396,L,Broadway Junction,L,L,L,BROADWAY JUNCTION,BROADWAY JUNCTION,L22,-73.90324,40.678856,
396,0101000020E61000008E7C5C57CC7952C06F0E79B471564440,397,L,Atlantic Avenue,L,L,L,ATLANTIC AVENUE,ATLANTIC AVENUE,L24,-73.903097,40.675345,
397,0101000020E61000000BA559F5B97952C0BFC45ED1AD554440,398,L,Sutter Avenue,L,L,L,SUTTER AVENUE,SUTTER AVENUE,L25,-73.901975,40.669367,
399,0101000020E6100000972760048D7952C08719E95C51544440,400,L,New Lots Avenue,L,L,L,NEW LOTS AVENUE,NEW LOTS AVENUE,L27,-73.899232,40.658733,
400,0101000020E61000006FCF8829917952C0A7A3DFF945534440,401,L,East 105th Street,L,L,L,EAST 105TH STREET,EAST 105TH STREET,L28,-73.899485,40.650573,
401,0101000020E610000063850FE9B77952C0FF4DEB8EC5524440,402,L,Rockaway Parkway - Canarsie,L,L,L,ROCKAWAY PARKWAY - CANARSIE,ROCKAWAY PARKWAY - CANARSIE,L29,-73.90185,40.646654,
402,0101000020E610000057C90839EF7852C0A74E2D060F5B4440,403,M,Metropolitan Avenue,M,M,M,METROPOLITAN AVENUE,METROPOLITAN AVENUE,M01,-73.889601,40.711396,
403,0101000020E6100000A74C7C0C567952C08F32874D645A4440,404,M,Fresh Pond Road,M,M,M,FRESH POND ROAD,FRESH POND ROAD,M04,-73.895877,40.706186,
404,0101000020E610000017A07903CC7952C0F6AD6A882A5A4440,405,M,Forest Avenue,M,M,M,FOREST AVENUE,FOREST AVENUE,M05,-73.903077,40.704423,
405,0101000020E6100000BFE38269187A52C0DE01F01AF4594440,406,M,Seneca Avenue,M,M,M,SENECA AVENUE,SENECA AVENUE,M06,-73.90774,40.702762,
406,0101000020E61000004BD70D84647A52C06EC418EC86594440,407,M,Wyckoff Avenue - Myrtle,M,M,M,WYCKOFF AVENUE - MYRTLE,WYCKOFF AVENUE (MYRTLE),M08,-73.912385,40.69943,
408,0101000020E610000073E4F1785A7B52C0E7B6CF6053594440,409,M,Central Avenue,M,M,M,CENTRAL AVENUE,CENTRAL AVENUE,M10,-73.927397,40.697857,
409,0101000020E6100000DFE4E5CDE17B52C0D7A238143E594440,410,"J, M, Z",Myrtle Ave - Broadway,"J, M, Z","J, M","J, M, Z",MYRTLE AVE - BROADWAY,MYRTLE AVE - BROADWAY,M11,-73.935657,40.697207,
410,0101000020E61000000E638B683B7C52C0AF58A31EA2594440,411,"J, M",Flushing Avenue,"J, M","J, M","J, M",FLUSHING AVENUE,FLUSHING AVENUE,M12,-73.941126,40.70026,
411,0101000020E6100000DFA52955A27C52C067F31F61185A4440,412,"J, M",Lorimer Street,"J, M","J, M","J, M",LORIMER STREET,LORIMER STREET,M13,-73.947408,40.703869,
412,0101000020E61000008B787503057D52C0D62756B77A5A4440,413,"J, M",Hewes Street,"J, M","J, M","J, M",HEWES STREET,HEWES STREET,M14,-73.953431,40.70687,
413,0101000020E6100000636F04E44B7D52C00FFDF981AB5A4440,414,"J, M, Z",Marcy Avenue,"J, M, Z","J, M","J, M, Z",MARCY AVENUE,MARCY AVENUE,M16,-73.957757,40.708359,
414,0101000020E6100000CFB2F52A327F52C09643F4BEF15B4440,415,"J, M, Z",Essex Street,"J, M, Z","J, M","J, M, Z",ESSEX STREET,ESSEX STREET,M18,-73.987437,40.718315,
415,0101000020E6100000DB67A94D9C7F52C09E2B9122325C4440,416,J,Bowery,J,J,J,BOWERY,BOWERY,M19,-73.993915,40.72028,
416,0101000020E6100000E6CA033BFE7F52C06F804C70EA5B4440,417,"J, Z",Canal Street,"J, Z",J,"J, Z",CANAL STREET,CANAL STREET,M20,-73.999892,40.718092,
417,0101000020E6100000FFC9D3B8378052C08E0BEF8B4B5B4440,418,"J, Z",Chambers Street,"J, Z",J,"J, Z",CHAMBERS STREET,CHAMBERS STREET,M21,-74.003401,40.713243,
418,0101000020E6100000EBBB36397C8052C02F3C0489ED5A4440,419,"J, Z",Fulton Street,"J, Z",J,"J, Z",FULTON STREET,FULTON STREET,M22,-74.007582,40.710374,
419,0101000020E610000003F73924B58052C0963439CE6D5A4440,420,"J, Z",Broad Street,"J, Z",J,"J, Z",BROAD STREET,BROAD STREET,M23,-74.011056,40.706476,
420,0101000020E61000009BCA0C01C08052C0073AF3C649514440,421,N,8th Avenue - Sea Beach,N,N,N,8TH AVENUE - SEA BEACH,8TH AVENUE (SEA BEACH),N02,-74.011719,40.635064,
421,0101000020E61000007656B8AB578052C07F24A741D1504440,422,N,Fort Hamilton,N,N,N,FORT HAMILTON,FORT HAMILTON,N03,-74.005351,40.631386,
422,0101000020E6100000BFFC5F3FC47F52C0A61099D2FA4F4440,423,N,New Utrecht Avenue,N,N,N,NEW UTRECHT AVENUE,NEW UTRECHT AVENUE,N04,-73.996353,40.624842,
423,0101000020E61000003AC666F1627F52C06F00B725724F4440,424,N,18th Avenue  -  Sea Beach -18 Av,N,N,N,18TH AVENUE  -  SEA BEACH -18 AV,18TH AVENUE (SEA BEACH -18 AV),N05,-73.990414,40.620671,
424,0101000020E61000003E8D7DAA0A7F52C02668764A074F4440,425,N,20th Avenue - Sea Beach,N,N,N,20TH AVENUE - SEA BEACH,20TH AVENUE (SEA BEACH),N06,-73.985026,40.61741,
425,0101000020E6100000AB12FE98D67E52C04F9733F44F4E4440,426,N,Bay Parkway - Sea Beach,N,N,N,BAY PARKWAY - SEA BEACH,BAY PARKWAY (SEA BEACH),N07,-73.981848,40.611815,
426,0101000020E6100000C75F821ABE7E52C037404F594D4D4440,427,N,Kings Highway,N,N,N,KINGS HIGHWAY,KINGS HIGHWAY,N08,-73.980353,40.603923,
427,0101000020E610000077F93B2EAA7E52C05E38CAFE794C4440,428,N,Avenue U - Sea  Beach,N,N,N,AVENUE U - SEA  BEACH,AVENUE U (SEA  BEACH),N09,-73.979137,40.597473,
428,0101000020E6100000429D00529B7E52C087A01E48DE4B4440,429,N,86th Street  -  Sea Beach-gravesend,N,N,N,86TH STREET  -  SEA BEACH-GRAVESEND,86TH STREET (SEA BEACH-GRAVESEND),N10,-73.97823,40.592721,
429,0101000020E610000027456189078052C0A71762F9F35B4440,430,"N, Q",Canal Street / Bridge,"N, Q","N, Q","N, Q",CANAL STREET / BRIDGE,CANAL STREET / BRIDGE,Q01,-74.00046,40.718383,
430,0101000020E61000005276DAC35E7A52C09747316134634440,431,"N, Q",Ditmars Boulevard - Astoria,"N, Q","N, Q","N, Q",DITMARS BOULEVARD - ASTORIA,DITMARS BOULEVARD - ASTORIA,R01,-73.912034,40.775036,
431,0101000020E6100000479890F0BD7A52C03F666CD097624440,432,"N, Q",Astoria Boulevard - Hoyt Av,"N, Q","N, Q","N, Q",ASTORIA BOULEVARD - HOYT AV,ASTORIA BOULEVARD (HOYT AV),R03,-73.917843,40.770258,
432,0101000020E61000002F4C0E83F97A52C03F0674D025624440,433,"N, Q",30th Avenue- Grand Av,"N, Q","N, Q","N, Q",30TH AVENUE- GRAND AV,30TH AVENUE(GRAND AV),R04,-73.921479,40.766779,
433,0101000020E6100000EBB7E7853B7B52C0860F585183614440,434,"N, Q",Broadway,"N, Q","N, Q","N, Q",BROADWAY,BROADWAY,R05,-73.925508,40.76182,
434,0101000020E61000009B3E24287E7B52C0FF9B17F4DE604440,435,"N, Q",36th Avenue - Washington Av,"N, Q","N, Q","N, Q",36TH AVENUE - WASHINGTON AV,36TH AVENUE - WASHINGTON AV,R06,-73.929575,40.756804,
435,0101000020E61000005B4E0742B27B52C0CE86F86F5E604440,436,"N, Q",39th Avenue - Beebe Av,"N, Q","N, Q","N, Q",39TH AVENUE - BEEBE AV,39TH AVENUE - BEEBE AV,R08,-73.932755,40.752882,
436,0101000020E6100000238A02452C7C52C016412C1213604440,437,"N, Q",Queensboro Plaza - Elevated,"N, Q","N, Q","N, Q",QUEENSBORO PLAZA - ELEVATED,QUEENSBORO PLAZA (ELEVATED),R09,-73.940202,40.750582,
437,0101000020E61000000EB9188EE77D52C07677C6D79E614440,438,"N, Q, R",Lexington Avenue - 59 St,"N, Q, R","N, Q, R","N, Q, R",LEXINGTON AVENUE - 59 ST,LEXINGTON AVENUE - 59 ST,R11,-73.967258,40.76266,
438,0101000020E610000066E936514B7E52C0B65EAC53E5614440,439,"N, Q, R",5th Avenue - 59 St,"N, Q, R","N, Q, R","N, Q, R",5TH AVENUE - 59 ST,5TH AVENUE - 59 ST,R13,-73.973347,40.764811,
439,0101000020E61000005348C519C37E52C08E2A8D82E0614440,440,"N, Q, R",57th Street / 7th Avenue - Midtown,"N, Q, R","N, Q, R","N, Q, R",57TH STREET / 7TH AVENUE - MIDTOWN,57TH STREET / 7TH AVENUE (MIDTOWN),R14,-73.980658,40.764664,
440,0101000020E61000007F0D2522FC7E52C04F189C6F44614440,441,"N, Q, R",49th Street,"N, Q, R","N, Q, R","N, Q, R",49TH STREET,49TH STREET,R15,-73.984139,40.759901,
441,0101000020E6100000BE0240FA267F52C076D8931799604440,442,"N, Q, R",Times Square - 42 St,"N, Q, R","N, Q, R","N, Q, R",TIMES SQUARE - 42 ST,TIMES SQUARE - 42 ST,R16,-73.986754,40.754672,
442,0101000020E61000006395A2923A7F52C0C742BCCFF15F4440,443,"N, Q, R",34th Street - Herald Sq,"N, Q, R","N, Q, R","N, Q, R",34TH STREET - HERALD SQ,34TH STREET - HERALD SQ,R17,-73.98795,40.749567,
443,0101000020E6100000A7459DB6467F52C0CEA4EF586C5F4440,444,"N, R",28th Street,"N, R","N, R","N, R",28TH STREET,28TH STREET,R18,-73.988691,40.745494,
444,0101000020E61000009F267F69517F52C047ED4504E35E4440,445,"N, R",23rd Street,"N, R","N, R","N, R",23RD STREET,23RD STREET,R19,-73.989344,40.741303,
445,0101000020E610000063EA5277657F52C0AF7EE5982C5E4440,446,"N, Q, R",Union Square - 14 St,"N, Q, R","N, Q, R","N, Q, R",UNION SQUARE - 14 ST,UNION SQUARE (14 ST),R20,-73.990568,40.735736,
446,0101000020E61000008E79C93B877F52C0C6534D637B5D4440,447,"N, R",8th Street - Nyu,"N, R","N, R","N, R",8TH STREET - NYU,8TH STREET (NYU),R21,-73.992629,40.730328,
447,0101000020E6100000F3E87C59DA7F52C06EAA0BD0B65C4440,448,"N, R",Prince Street,"N, R","N, R","N, R",PRINCE STREET,PRINCE STREET,R22,-73.997702,40.724329,
448,0101000020E6100000232FE4141D8052C086BBF275195C4440,449,R,Canal Street / Tunnel,"N, R","N, R",R,CANAL STREET / TUNNEL,CANAL STREET / TUNNEL,R23,-74.001775,40.719527,
449,0101000020E61000001BB3DA53728052C037E816D34C5B4440,450,R,City Hall,"N, R","N, R",R,CITY HALL,CITY HALL,R24,-74.006978,40.713282,
450,0101000020E610000027C12DB0C78052C027AFC5681D5B4440,451,1,Cortlandt Street,1,1,1,CORTLANDT STREET,CORTLANDT STREET - WORLD TRADE CENTER,R25,-74.012188,40.711835,
451,0101000020E6100000B7056798DA8052C09E54592F865A4440,452,R,Rector Street,"N, R","N, R",R,RECTOR STREET,RECTOR STREET,R26,-74.013342,40.70722,
452,0101000020E61000007F04C9E4D48052C0E78B3BC1FE594440,453,R,Whitehall St - South Ferry,"N, R","N, R",R,WHITEHALL ST - SOUTH FERRY,WHITEHALL ST - SOUTH FERRY,R27,-74.012994,40.703087,
453,0101000020E61000009BC63C46797F52C0DF52D044D8584440,454,R,Court Street,"N, R","N, R",R,COURT STREET,COURT STREET,R28,-73.991777,40.6941,
454,0101000020E6100000B30879AC197F52C00ED8AE5A99584440,455,R,Lawrence Street,"N, R","N, R",R,LAWRENCE STREET,LAWRENCE STREET,R29,-73.985942,40.69218,
455,0101000020E610000017035534D67E52C02F1B4ABA66584440,456,"B, Q, R",Dekalb Avenue,"B, D, N, Q, R","B, D, N, Q, R","B, Q, R",DEKALB AVENUE,DEKALB AVENUE,R30,-73.981824,40.690635,
456,0101000020E61000004B9FB2D2A47E52C0C6E0135E82574440,457,"D, N, R",Pacific Street - Atlantic,"D, N, R","D, N, R","D, N, R",PACIFIC STREET - ATLANTIC,PACIFIC STREET - ATLANTIC,R31,-73.97881,40.683666,
457,0101000020E610000063F13446EB7E52C076756B4AB2564440,458,R,Union Street,"D, N, R","D, N, R",R,UNION STREET,UNION STREET,R32,-73.98311,40.677316,
458,0101000020E6100000EEC00757407F52C0765B8250DE554440,459,R,9th Street - 4th Ave,"D, N, R","D, N, R",R,9TH STREET - 4TH AVE,9TH STREET - 4TH AVE,R33,-73.988302,40.670847,
459,0101000020E6100000933700378B7F52C03F7C34492C554440,460,R,Prospect Avenue,"D, N, R","D, N, R",R,PROSPECT AVENUE,PROSPECT AVENUE,R34,-73.992872,40.665414,
460,0101000020E6100000AB6D12B9E07F52C01E858EE387544440,461,R,25th Street,"D, N, R","D, N, R",R,25TH STREET,25TH STREET,R35,-73.998091,40.660397,
461,0101000020E6100000DB2596253A8052C0B73732C2DB534440,462,"D, N, R",36th Street - 4th Ave,"D, N, R","D, N, R","D, N, R",36TH STREET - 4TH AVE,36TH STREET - 4TH AVE,R36,-74.003549,40.655144,
462,0101000020E6100000A73C34F0A38052C0A6C4E36E10534440,463,"N, R",45th Street,"N, R","N, R","N, R",45TH STREET,45TH STREET,R39,-74.010006,40.648939,
463,0101000020E610000003D5DCEEE58052C0DF30F99E91524440,464,"N, R",53rd Street,"N, R","N, R","N, R",53RD STREET,53RD STREET,R40,-74.014034,40.645069,
464,0101000020E6100000AFE259F6248152C0EF23672618524440,465,"N, R",59th Street - 4th Ave,"N, R","N, R","N, R",59TH STREET - 4TH AVE,59TH STREET - 4TH AVE.,R41,-74.017881,40.641362,
465,0101000020E61000006BC73E027F8152C0F75C419946514440,466,R,Bay Ridge Avenue,R,R,R,BAY RIDGE AVENUE,BAY RIDGE AVENUE,R42,-74.023377,40.634967,
466,0101000020E61000008B7CB1F4A18152C0CF71C7629B504440,467,R,77th Street,R,R,R,77TH STREET,77TH STREET,R43,-74.02551,40.629742,
467,0101000020E61000001BF6D745D18152C026C32635B44F4440,468,R,86th Street,R,R,R,86TH STREET,86TH STREET,R44,-74.028398,40.622687,
468,0101000020E6100000EB4354DFF98152C00E703E78ED4E4440,469,R,95th St - Fort Hamilton,R,R,R,95TH ST - FORT HAMILTON,95TH ST. - FORT HAMILTON - BAY RIDGE,R45,-74.030876,40.616622,
469,0101000020E61000005BBF02452C7D52C01E430CC51D574440,470,FS,Franklin - Fulton,FS,FS,FS,FRANKLIN - FULTON,FRANKLIN - FULTON,S01,-73.955827,40.680596,
470,0101000020E610000043F22CB6497D52C01E30CCED5E564440,471,FS,Park Place,FS,FS,FS,PARK PLACE,PARK PLACE,S03,-73.957624,40.674772,
471,0101000020E610000032982345647D52C066E6A6CCCD554440,472,FS,Botanic Gardens - Eastern Pkwy,FS,FS,FS,BOTANIC GARDENS - EASTERN PKWY,BOTANIC GARDENS - EASTERN PKWY,S04,-73.959245,40.670343,
472,0101000020E61000005FD92091B68452C04FCC9F5566524440,473,SI,Saint George Terminal,SI,SI,SI,SAINT GEORGE TERMINAL,SAINT GEORGE TERMINAL,S31,-74.073643,40.643748,
473,0101000020E6100000E338BD18CA8452C06F3E798B87514440,474,SI,Tompkinsville,SI,SI,SI,TOMPKINSVILLE,TOMPKINSVILLE,S30,-74.074835,40.636949,
474,0101000020E61000000F934674CF8452C0CF6DCB845F504440,475,SI,Stapleton,SI,SI,SI,STAPLETON,STAPLETON,S29,-74.075162,40.627915,
477,0101000020E6100000DB24F46F978552C05E8232C85D4C4440,478,SI,Old Town,SI,SI,SI,OLD TOWN,OLD TOWN,S26,-74.087368,40.596612,
478,0101000020E6100000869AAB56268652C0D6D06E675F4B4440,479,SI,Dongan Hills,SI,SI,SI,DONGAN HILLS,DONGAN HILLS,S25,-74.09609,40.588849,
479,0101000020E61000008AFBFC169D8652C00788221CB34A4440,480,SI,Jefferson Avenue,SI,SI,SI,JEFFERSON AVENUE,JEFFERSON AVENUE,S24,-74.103338,40.583591,
480,0101000020E61000004FE3EC63058752C0A7C46E861B4A4440,481,SI,Grant City,SI,SI,SI,GRANT CITY,GRANT CITY,S23,-74.109704,40.578965,
481,0101000020E6100000E2E95E5E808752C09E75EACA67494440,482,SI,New Dorp,SI,SI,SI,NEW DORP,NEW DORP,S22,-74.11721,40.57348,
482,0101000020E6100000E7107BA0158852C0F7F2438655484440,483,SI,Oakwood Heights,SI,SI,SI,OAKWOOD HEIGHTS,OAKWOOD HEIGHTS,S21,-74.12632,40.56511,
483,0101000020E610000082A39315C38852C037177E1D38474440,484,SI,Bay Terrace,SI,SI,SI,BAY TERRACE,BAY TERRACE,S20,-74.136907,40.5564,
484,0101000020E6100000FF436E85B08952C01F02C7BC8E464440,485,SI,Great Kills,SI,SI,SI,GREAT KILLS,GREAT KILLS,S19,-74.151399,40.551231,
485,0101000020E610000033329C50888A52C0077A4E7CB5454440,486,SI,Eltingville,SI,SI,SI,ELTINGVILLE,ELTINGVILLE,S18,-74.16457,40.544601,
486,0101000020E6100000D3A946E8678B52C0FF0714CB2D454440,487,SI,Annadale,SI,SI,SI,ANNADALE,ANNADALE,S17,-74.178217,40.54046,
487,0101000020E61000007399575A468C52C0470DFC6D4F444440,488,SI,Huguenot,SI,SI,SI,HUGUENOT,HUGUENOT,S16,-74.191794,40.533674,
488,0101000020E61000007B8C3CD9CD8C52C0478339D043434440,489,SI,Princes Bay,SI,SI,SI,PRINCES BAY,PRINCES BAY,S15,-74.200064,40.525507,
489,0101000020E610000037488B34F18D52C0EE06B554DE424440,490,SI,Pleasant Plains,SI,SI,SI,PLEASANT PLAINS,PLEASANT PLAINS,S14,-74.217847,40.52241,
490,0101000020E6100000AB91033FAA8E52C07700C34483424440,491,SI,Richmond Valley,SI,SI,SI,RICHMOND VALLEY,RICHMOND VALLEY,S13,-74.229141,40.519631,
491,0101000020E61000005E81D380418F52C0CFA5E3A947424440,492,SI,Nassau,SI,SI,SI,NASSAU,NASSAU,S12,-74.238373,40.517812,
492,0101000020E610000036D55A5EB98F52C0AE5AF3A8F8414440,493,SI,Atlantic,SI,SI,SI,ATLANTIC,ATLANTIC,S10,-74.245689,40.515401,
493,0101000020E61000006A250821209052C0EE8C3040A2414440,494,SI,Tottenville,SI,SI,SI,TOTTENVILLE,TOTTENVILLE,S09,-74.251961,40.512764,
